Postal Code,State,Primary_city,Zone
06830,CT,Greenwich,NJ-EDS-B
06831,CT,Greenwich,NJ-EDS-B
07001,NJ,Avenel,NJ-EDS-A
07002,NJ,Bayonne,NJ-EDS-A
07003,NJ,Bloomfield,NJ-EDS-A
07004,NJ,Fairfield,NJ-EDS-A
07006,NJ,Caldwell,NJ-EDS-A
07008,NJ,Carteret,NJ-EDS-A
07009,NJ,Cedar Grove,NJ-EDS-A
07010,NJ,Cliffside Park,NJ-EDS-A
07011,NJ,Clifton,NJ-EDS-A
07012,NJ,Clifton,NJ-EDS-A
07013,NJ,Clifton,NJ-EDS-A
07014,NJ,Clifton,NJ-EDS-A
07016,NJ,Cranford,NJ-EDS-A
07017,NJ,East Orange,NJ-EDS-A
07018,NJ,East Orange,NJ-EDS-A
07020,NJ,Edgewater,NJ-EDS-A
07021,NJ,Essex Fells,NJ-EDS-A
07022,NJ,Fairview,NJ-EDS-A
07023,NJ,Fanwood,NJ-EDS-A
07024,NJ,Fort Lee,NJ-EDS-A
07026,NJ,Garfield,NJ-EDS-A
07027,NJ,Garwood,NJ-EDS-A
07028,NJ,Glen Ridge,NJ-EDS-A
07029,NJ,Harrison,NJ-EDS-A
07030,NJ,Hoboken,NJ-EDS-A
07031,NJ,North Arlington,NJ-EDS-A
07032,NJ,Kearny,NJ-EDS-A
07033,NJ,Kenilworth,NJ-EDS-A
07034,NJ,Lake Hiawatha,NJ-EDS-A
07035,NJ,Lincoln Park,NJ-EDS-A
07036,NJ,Linden,NJ-EDS-A
07039,NJ,Livingston,NJ-EDS-A
07040,NJ,Maplewood,NJ-EDS-A
07041,NJ,Millburn,NJ-EDS-A
07042,NJ,Montclair,NJ-EDS-A
07043,NJ,Montclair,NJ-EDS-A
07044,NJ,Verona,NJ-EDS-A
07045,NJ,Montville,NJ-EDS-A
07047,NJ,North Bergen,NJ-EDS-A
07050,NJ,Orange,NJ-EDS-A
07052,NJ,West Orange,NJ-EDS-A
07054,NJ,Parsippany,NJ-EDS-A
07055,NJ,Passaic,NJ-EDS-A
07057,NJ,Wallington,NJ-EDS-A
07058,NJ,Pine Brook,NJ-EDS-A
07059,NJ,Warren,NJ-EDS-A
07060,NJ,Plainfield,NJ-EDS-A
07062,NJ,Plainfield,NJ-EDS-A
07063,NJ,Plainfield,NJ-EDS-A
07064,NJ,Port Reading,NJ-EDS-A
07065,NJ,Rahway,NJ-EDS-A
07066,NJ,Clark,NJ-EDS-A
07067,NJ,Colonia,NJ-EDS-A
07068,NJ,Roseland,NJ-EDS-A
07069,NJ,Watchung,NJ-EDS-A
07070,NJ,Rutherford,NJ-EDS-A
07071,NJ,Lyndhurst,NJ-EDS-A
07072,NJ,Carlstadt,NJ-EDS-A
07073,NJ,East Rutherford,NJ-EDS-A
07074,NJ,Moonachie,NJ-EDS-A
07075,NJ,Wood Ridge,NJ-EDS-A
07076,NJ,Scotch Plains,NJ-EDS-A
07077,NJ,Sewaren,NJ-EDS-A
07078,NJ,Short Hills,NJ-EDS-A
07079,NJ,South Orange,NJ-EDS-A
07080,NJ,South Plainfield,NJ-EDS-A
07081,NJ,Springfield,NJ-EDS-A
07082,NJ,Towaco,NJ-EDS-A
07083,NJ,Union,NJ-EDS-A
07086,NJ,Weehawken,NJ-EDS-A
07087,NJ,Union City,NJ-EDS-A
07088,NJ,Vauxhall,NJ-EDS-A
07090,NJ,Westfield,NJ-EDS-A
07092,NJ,Mountainside,NJ-EDS-A
07093,NJ,West New York,NJ-EDS-A
07094,NJ,Secaucus,NJ-EDS-A
07095,NJ,Woodbridge,NJ-EDS-A
07097,NJ,Jersey City,NJ-EDS-A
07099,NJ,Kearny,NJ-EDS-A
07102,NJ,Newark,NJ-EDS-A
07103,NJ,Newark,NJ-EDS-A
07104,NJ,Newark,NJ-EDS-A
07105,NJ,Newark,NJ-EDS-A
07106,NJ,Newark,NJ-EDS-A
07107,NJ,Newark,NJ-EDS-A
07108,NJ,Newark,NJ-EDS-A
07109,NJ,Belleville,NJ-EDS-A
07110,NJ,Nutley,NJ-EDS-A
07111,NJ,Irvington,NJ-EDS-A
07112,NJ,Newark,NJ-EDS-A
07114,NJ,Newark,NJ-EDS-A
07175,NJ,Newark,NJ-EDS-A
07184,NJ,Newark,NJ-EDS-A
07188,NJ,Newark,NJ-EDS-A
07189,NJ,Newark,NJ-EDS-A
07191,NJ,Newark,NJ-EDS-A
07192,NJ,Newark,NJ-EDS-A
07193,NJ,Newark,NJ-EDS-A
07195,NJ,Newark,NJ-EDS-A
07198,NJ,Newark,NJ-EDS-A
07199,NJ,Newark,NJ-EDS-A
07201,NJ,Elizabeth,NJ-EDS-A
07202,NJ,Elizabeth,NJ-EDS-A
07203,NJ,Roselle,NJ-EDS-A
07204,NJ,Roselle Park,NJ-EDS-A
07205,NJ,Hillside,NJ-EDS-A
07206,NJ,Elizabeth,NJ-EDS-A
07208,NJ,Elizabeth,NJ-EDS-A
07302,NJ,Jersey City,NJ-EDS-A
07304,NJ,Jersey City,NJ-EDS-A
07305,NJ,Jersey City,NJ-EDS-A
07306,NJ,Jersey City,NJ-EDS-A
07307,NJ,Jersey City,NJ-EDS-A
07310,NJ,Jersey City,NJ-EDS-A
07311,NJ,Jersey City,NJ-EDS-A
07395,NJ,Jersey City,NJ-EDS-A
07399,NJ,Jersey City,NJ-EDS-A
07401,NJ,Allendale,NJ-EDS-A
07407,NJ,Elmwood Park,NJ-EDS-A
07410,NJ,Fair Lawn,NJ-EDS-A
07417,NJ,Franklin Lakes,NJ-EDS-A
07423,NJ,Ho Ho Kus,NJ-EDS-A
07424,NJ,Little Falls,NJ-EDS-A
07430,NJ,Mahwah,NJ-EDS-A
07432,NJ,Midland Park,NJ-EDS-A
07436,NJ,Oakland,NJ-EDS-A
07440,NJ,Pequannock,NJ-EDS-A
07442,NJ,Pompton Lakes,NJ-EDS-A
07444,NJ,Pompton Plains,NJ-EDS-A
07446,NJ,Ramsey,NJ-EDS-A
07450,NJ,Ridgewood,NJ-EDS-A
07452,NJ,Glen Rock,NJ-EDS-A
07458,NJ,Saddle River,NJ-EDS-A
07463,NJ,Waldwick,NJ-EDS-A
07470,NJ,Wayne,NJ-EDS-A
07481,NJ,Wyckoff,NJ-EDS-A
07495,NJ,Mahwah,NJ-EDS-A
07501,NJ,Paterson,NJ-EDS-A
07502,NJ,Paterson,NJ-EDS-A
07503,NJ,Paterson,NJ-EDS-A
07504,NJ,Paterson,NJ-EDS-A
07505,NJ,Paterson,NJ-EDS-A
07506,NJ,Hawthorne,NJ-EDS-A
07508,NJ,Haledon,NJ-EDS-A
07510,NJ,Paterson,NJ-EDS-A
07512,NJ,Totowa,NJ-EDS-A
07513,NJ,Paterson,NJ-EDS-A
07514,NJ,Paterson,NJ-EDS-A
07522,NJ,Paterson,NJ-EDS-A
07524,NJ,Paterson,NJ-EDS-A
07601,NJ,Hackensack,NJ-EDS-A
07603,NJ,Bogota,NJ-EDS-A
07604,NJ,Hasbrouck Heights,NJ-EDS-A
07605,NJ,Leonia,NJ-EDS-A
07606,NJ,South Hackensack,NJ-EDS-A
07607,NJ,Maywood,NJ-EDS-A
07608,NJ,Teterboro,NJ-EDS-A
07620,NJ,Alpine,NJ-EDS-A
07621,NJ,Bergenfield,NJ-EDS-A
07624,NJ,Closter,NJ-EDS-A
07626,NJ,Cresskill,NJ-EDS-A
07627,NJ,Demarest,NJ-EDS-A
07628,NJ,Dumont,NJ-EDS-A
07630,NJ,Emerson,NJ-EDS-A
07631,NJ,Englewood,NJ-EDS-A
07632,NJ,Englewood Cliffs,NJ-EDS-A
07640,NJ,Harrington Park,NJ-EDS-A
07641,NJ,Haworth,NJ-EDS-A
07642,NJ,Hillsdale,NJ-EDS-A
07643,NJ,Little Ferry,NJ-EDS-A
07644,NJ,Lodi,NJ-EDS-A
07645,NJ,Montvale,NJ-EDS-A
07646,NJ,New Milford,NJ-EDS-A
07647,NJ,Northvale,NJ-EDS-A
07648,NJ,Norwood,NJ-EDS-A
07649,NJ,Oradell,NJ-EDS-A
07650,NJ,Palisades Park,NJ-EDS-A
07652,NJ,Paramus,NJ-EDS-A
07656,NJ,Park Ridge,NJ-EDS-A
07657,NJ,Ridgefield,NJ-EDS-A
07660,NJ,Ridgefield Park,NJ-EDS-A
07661,NJ,River Edge,NJ-EDS-A
07662,NJ,Rochelle Park,NJ-EDS-A
07663,NJ,Saddle Brook,NJ-EDS-A
07666,NJ,Teaneck,NJ-EDS-A
07670,NJ,Tenafly,NJ-EDS-A
07675,NJ,Westwood,NJ-EDS-A
07676,NJ,Township Of Washington,NJ-EDS-A
07677,NJ,Woodcliff Lake,NJ-EDS-A
07699,NJ,Teterboro,NJ-EDS-A
07701,NJ,Red Bank,NJ-EDS-A
07702,NJ,Shrewsbury,NJ-EDS-A
07703,NJ,Fort Monmouth,NJ-EDS-A
07704,NJ,Fair Haven,NJ-EDS-A
07711,NJ,Allenhurst,NJ-EDS-A
07712,NJ,Asbury Park,NJ-EDS-A
07715,NJ,Belmar,NJ-EDS-A
07716,NJ,Atlantic Highlands,NJ-EDS-A
07717,NJ,Avon By The Sea,NJ-EDS-A
07718,NJ,Belford,NJ-EDS-A
07719,NJ,Belmar,NJ-EDS-A
07720,NJ,Bradley Beach,NJ-EDS-A
07721,NJ,Cliffwood,NJ-EDS-A
07722,NJ,Colts Neck,NJ-EDS-A
07723,NJ,Deal,NJ-EDS-A
07724,NJ,Eatontown,NJ-EDS-A
07726,NJ,Englishtown,NJ-EDS-A
07727,NJ,Farmingdale,NJ-EDS-A
07728,NJ,Freehold,NJ-EDS-A
07730,NJ,Hazlet,NJ-EDS-A
07731,NJ,Howell,NJ-EDS-A
07732,NJ,Highlands,NJ-EDS-A
07733,NJ,Holmdel,NJ-EDS-A
07734,NJ,Keansburg,NJ-EDS-A
07735,NJ,Keyport,NJ-EDS-A
07737,NJ,Leonardo,NJ-EDS-A
07738,NJ,Lincroft,NJ-EDS-A
07739,NJ,Little Silver,NJ-EDS-A
07740,NJ,Long Branch,NJ-EDS-A
07746,NJ,Marlboro,NJ-EDS-A
07747,NJ,Matawan,NJ-EDS-A
07748,NJ,Middletown,NJ-EDS-A
07750,NJ,Monmouth Beach,NJ-EDS-A
07751,NJ,Morganville,NJ-EDS-A
07753,NJ,Neptune,NJ-EDS-A
07755,NJ,Oakhurst,NJ-EDS-A
07756,NJ,Ocean Grove,NJ-EDS-A
07757,NJ,Oceanport,NJ-EDS-A
07758,NJ,Port Monmouth,NJ-EDS-A
07760,NJ,Rumson,NJ-EDS-A
07762,NJ,Spring Lake,NJ-EDS-A
07764,NJ,West Long Branch,NJ-EDS-A
07799,NJ,Eatontown,NJ-EDS-A
07830,NJ,Califon,NJ-EDS-A
07901,NJ,Summit,NJ-EDS-A
07920,NJ,Basking Ridge,NJ-EDS-A
07921,NJ,Bedminster,NJ-EDS-A
07922,NJ,Berkeley Heights,NJ-EDS-A
07924,NJ,Bernardsville,NJ-EDS-A
07927,NJ,Cedar Knolls,NJ-EDS-A
07928,NJ,Chatham,NJ-EDS-A
07931,NJ,Far Hills,NJ-EDS-A
07932,NJ,Florham Park,NJ-EDS-A
07933,NJ,Gillette,NJ-EDS-A
07934,NJ,Gladstone,NJ-EDS-A
07935,NJ,Green Village,NJ-EDS-A
07936,NJ,East Hanover,NJ-EDS-A
07939,NJ,Lyons,NJ-EDS-A
07940,NJ,Madison,NJ-EDS-A
07945,NJ,Mendham,NJ-EDS-A
07946,NJ,Millington,NJ-EDS-A
07950,NJ,Morris Plains,NJ-EDS-A
07960,NJ,Morristown,NJ-EDS-A
07974,NJ,New Providence,NJ-EDS-A
07976,NJ,New Vernon,NJ-EDS-A
07977,NJ,Peapack,NJ-EDS-A
07980,NJ,Stirling,NJ-EDS-A
07981,NJ,Whippany,NJ-EDS-A
07999,NJ,Whippany,NJ-EDS-A
08002,NJ,Cherry Hill,NJ-EDS-B
08003,NJ,Cherry Hill,NJ-EDS-B
08007,NJ,Barrington,NJ-EDS-B
08009,NJ,Berlin,NJ-EDS-B
08010,NJ,Beverly,NJ-EDS-A
08012,NJ,Blackwood,NJ-EDS-B
08015,NJ,Browns Mills,NJ-EDS-A
08016,NJ,Burlington,NJ-EDS-A
08020,NJ,Clarksboro,NJ-EDS-B
08021,NJ,Clementon,NJ-EDS-B
08022,NJ,Columbus,NJ-EDS-A
08026,NJ,Gibbsboro,NJ-EDS-B
08027,NJ,Gibbstown,NJ-EDS-B
08029,NJ,Glendora,NJ-EDS-B
08030,NJ,Gloucester City,NJ-EDS-B
08031,NJ,Bellmawr,NJ-EDS-B
08032,NJ,Grenloch,NJ-EDS-B
08033,NJ,Haddonfield,NJ-EDS-B
08034,NJ,Cherry Hill,NJ-EDS-B
08035,NJ,Haddon Heights,NJ-EDS-B
08036,NJ,Hainesport,NJ-EDS-A
08041,NJ,Jobstown,NJ-EDS-A
08043,NJ,Voorhees,NJ-EDS-B
08045,NJ,Lawnside,NJ-EDS-B
08046,NJ,Willingboro,NJ-EDS-A
08048,NJ,Lumberton,NJ-EDS-A
08049,NJ,Magnolia,NJ-EDS-B
08051,NJ,Mantua,NJ-EDS-B
08052,NJ,Maple Shade,NJ-EDS-B
08053,NJ,Marlton,NJ-EDS-B
08054,NJ,Mount Laurel,NJ-EDS-A
08055,NJ,Medford,NJ-EDS-B
08056,NJ,Mickleton,NJ-EDS-B
08057,NJ,Moorestown,NJ-EDS-A
08059,NJ,Mount Ephraim,NJ-EDS-B
08060,NJ,Mount Holly,NJ-EDS-A
08061,NJ,Mount Royal,NJ-EDS-B
08063,NJ,National Park,NJ-EDS-B
08065,NJ,Palmyra,NJ-EDS-A
08066,NJ,Paulsboro,NJ-EDS-B
08068,NJ,Pemberton,NJ-EDS-A
08071,NJ,Pitman,NJ-EDS-B
08075,NJ,Riverside,NJ-EDS-A
08077,NJ,Riverton,NJ-EDS-A
08078,NJ,Runnemede,NJ-EDS-B
08080,NJ,Sewell,NJ-EDS-B
08081,NJ,Sicklerville,NJ-EDS-B
08083,NJ,Somerdale,NJ-EDS-B
08084,NJ,Stratford,NJ-EDS-B
08086,NJ,Thorofare,NJ-EDS-B
08090,NJ,Wenonah,NJ-EDS-B
08091,NJ,West Berlin,NJ-EDS-B
08093,NJ,Westville,NJ-EDS-B
08096,NJ,Woodbury,NJ-EDS-B
08097,NJ,Woodbury Heights,NJ-EDS-B
08102,NJ,Camden,NJ-EDS-B
08103,NJ,Camden,NJ-EDS-B
08104,NJ,Camden,NJ-EDS-B
08105,NJ,Camden,NJ-EDS-B
08106,NJ,Audubon,NJ-EDS-B
08107,NJ,Oaklyn,NJ-EDS-B
08108,NJ,Collingswood,NJ-EDS-B
08109,NJ,Merchantville,NJ-EDS-B
08110,NJ,Pennsauken,NJ-EDS-B
08501,NJ,Allentown,NJ-EDS-A
08502,NJ,Belle Mead,NJ-EDS-A
08505,NJ,Bordentown,NJ-EDS-A
08510,NJ,Clarksburg,NJ-EDS-A
08511,NJ,Cookstown,NJ-EDS-A
08512,NJ,Cranbury,NJ-EDS-A
08514,NJ,Cream Ridge,NJ-EDS-A
08515,NJ,Crosswicks,NJ-EDS-A
08518,NJ,Florence,NJ-EDS-A
08520,NJ,Hightstown,NJ-EDS-A
08525,NJ,Hopewell,NJ-EDS-A
08527,NJ,Jackson,NJ-EDS-A
08528,NJ,Kingston,NJ-EDS-A
08530,NJ,Lambertville,NJ-EDS-A
08533,NJ,New Egypt,NJ-EDS-A
08534,NJ,Pennington,NJ-EDS-A
08535,NJ,Perrineville,NJ-EDS-A
08536,NJ,Plainsboro,NJ-EDS-A
08540,NJ,Princeton,NJ-EDS-A
08541,NJ,Princeton,NJ-EDS-A
08542,NJ,Princeton,NJ-EDS-A
08544,NJ,Princeton,NJ-EDS-A
08550,NJ,Princeton Junction,NJ-EDS-A
08551,NJ,Ringoes,NJ-EDS-A
08553,NJ,Rocky Hill,NJ-EDS-A
08554,NJ,Roebling,NJ-EDS-A
08555,NJ,Roosevelt,NJ-EDS-A
08556,NJ,Rosemont,NJ-EDS-A
08558,NJ,Skillman,NJ-EDS-A
08559,NJ,Stockton,NJ-EDS-A
08560,NJ,Titusville,NJ-EDS-A
08561,NJ,Windsor,NJ-EDS-A
08562,NJ,Wrightstown,NJ-EDS-A
08608,NJ,Trenton,NJ-EDS-A
08609,NJ,Trenton,NJ-EDS-A
08610,NJ,Trenton,NJ-EDS-A
08611,NJ,Trenton,NJ-EDS-A
08618,NJ,Trenton,NJ-EDS-A
08619,NJ,Trenton,NJ-EDS-A
08620,NJ,Trenton,NJ-EDS-A
08628,NJ,Trenton,NJ-EDS-A
08629,NJ,Trenton,NJ-EDS-A
08638,NJ,Trenton,NJ-EDS-A
08640,NJ,Trenton,NJ-EDS-A
08641,NJ,Trenton,NJ-EDS-A
08645,NJ,Trenton,NJ-EDS-A
08646,NJ,Trenton,NJ-EDS-A
08647,NJ,Trenton,NJ-EDS-A
08648,NJ,Trenton,NJ-EDS-A
08666,NJ,Trenton,NJ-EDS-A
08690,NJ,Trenton,NJ-EDS-A
08691,NJ,Trenton,NJ-EDS-A
08695,NJ,Trenton,NJ-EDS-A
08701,NJ,Lakewood,NJ-EDS-A
08721,NJ,Bayville,NJ-EDS-A
08722,NJ,Beachwood,NJ-EDS-A
08723,NJ,Brick,NJ-EDS-A
08724,NJ,Brick,NJ-EDS-A
08730,NJ,Brielle,NJ-EDS-A
08731,NJ,Forked River,NJ-EDS-A
08733,NJ,Lakehurst,NJ-EDS-A
08734,NJ,Lanoka Harbor,NJ-EDS-A
08736,NJ,Manasquan,NJ-EDS-A
08741,NJ,Pine Beach,NJ-EDS-A
08742,NJ,Point Pleasant Beach,NJ-EDS-A
08750,NJ,Sea Girt,NJ-EDS-A
08753,NJ,Toms River,NJ-EDS-A
08755,NJ,Toms River,NJ-EDS-A
08757,NJ,Toms River,NJ-EDS-A
08758,NJ,Waretown,NJ-EDS-B
08759,NJ,Whiting,NJ-EDS-A
08801,NJ,Annandale,NJ-EDS-A
08805,NJ,Bound Brook,NJ-EDS-A
08807,NJ,Bridgewater,NJ-EDS-A
08809,NJ,Clinton,NJ-EDS-A
08810,NJ,Dayton,NJ-EDS-A
08812,NJ,Dunellen,NJ-EDS-A
08816,NJ,East Brunswick,NJ-EDS-A
08817,NJ,Edison,NJ-EDS-A
08820,NJ,Edison,NJ-EDS-A
08822,NJ,Flemington,NJ-EDS-A
08823,NJ,Franklin Park,NJ-EDS-A
08824,NJ,Kendall Park,NJ-EDS-A
08825,NJ,Frenchtown,NJ-EDS-A
08828,NJ,Helmetta,NJ-EDS-A
08829,NJ,High Bridge,NJ-EDS-A
08830,NJ,Iselin,NJ-EDS-A
08831,NJ,Jamesburg,NJ-EDS-A
08832,NJ,Keasbey,NJ-EDS-A
08833,NJ,Lebanon,NJ-EDS-A
08835,NJ,Manville,NJ-EDS-A
08836,NJ,Martinsville,NJ-EDS-A
08837,NJ,Edison,NJ-EDS-A
08840,NJ,Metuchen,NJ-EDS-A
08844,NJ,Hillsborough,NJ-EDS-A
08846,NJ,Middlesex,NJ-EDS-A
08850,NJ,Milltown,NJ-EDS-A
08852,NJ,Monmouth Junction,NJ-EDS-A
08853,NJ,Neshanic Station,NJ-EDS-A
08854,NJ,Piscataway,NJ-EDS-A
08857,NJ,Old Bridge,NJ-EDS-A
08858,NJ,Oldwick,NJ-EDS-A
08859,NJ,Parlin,NJ-EDS-A
08861,NJ,Perth Amboy,NJ-EDS-A
08863,NJ,Fords,NJ-EDS-A
08867,NJ,Pittstown,NJ-EDS-A
08869,NJ,Raritan,NJ-EDS-A
08872,NJ,Sayreville,NJ-EDS-A
08873,NJ,Somerset,NJ-EDS-A
08876,NJ,Somerville,NJ-EDS-A
08879,NJ,South Amboy,NJ-EDS-A
08880,NJ,South Bound Brook,NJ-EDS-A
08882,NJ,South River,NJ-EDS-A
08884,NJ,Spotswood,NJ-EDS-A
08887,NJ,Three Bridges,NJ-EDS-A
08889,NJ,Whitehouse Station,NJ-EDS-A
08899,NJ,Edison,NJ-EDS-A
08901,NJ,New Brunswick,NJ-EDS-A
08902,NJ,North Brunswick,NJ-EDS-A
08904,NJ,Highland Park,NJ-EDS-A
08933,NJ,New Brunswick,NJ-EDS-A
08989,NJ,New Brunswick,NJ-EDS-A
10001,NY,New York City,NJ-EDS-B
10002,NY,New York City,NJ-EDS-B
10003,NY,New York City,NJ-EDS-B
10004,NY,New York City,NJ-EDS-B
10005,NY,New York City,NJ-EDS-B
10006,NY,New York City,NJ-EDS-B
10007,NY,New York City,NJ-EDS-B
10009,NY,New York City,NJ-EDS-B
10010,NY,New York City,NJ-EDS-B
10011,NY,New York City,NJ-EDS-B
10012,NY,New York City,NJ-EDS-B
10013,NY,New York City,NJ-EDS-B
10014,NY,New York City,NJ-EDS-B
10016,NY,New York City,NJ-EDS-B
10017,NY,New York City,NJ-EDS-B
10018,NY,New York City,NJ-EDS-B
10019,NY,New York City,NJ-EDS-B
10020,NY,New York City,NJ-EDS-B
10021,NY,New York City,NJ-EDS-B
10022,NY,New York City,NJ-EDS-B
10023,NY,New York City,NJ-EDS-B
10024,NY,New York City,NJ-EDS-B
10025,NY,New York City,NJ-EDS-B
10026,NY,New York City,NJ-EDS-B
10027,NY,New York City,NJ-EDS-B
10028,NY,New York City,NJ-EDS-B
10029,NY,New York City,NJ-EDS-B
10030,NY,New York City,NJ-EDS-B
10031,NY,New York City,NJ-EDS-B
10032,NY,New York City,NJ-EDS-B
10033,NY,New York City,NJ-EDS-B
10034,NY,New York City,NJ-EDS-B
10035,NY,New York City,NJ-EDS-B
10036,NY,New York City,NJ-EDS-B
10037,NY,New York City,NJ-EDS-B
10038,NY,New York City,NJ-EDS-B
10039,NY,New York City,NJ-EDS-B
10040,NY,New York City,NJ-EDS-B
10041,NY,New York City,NJ-EDS-B
10043,NY,New York City,NJ-EDS-B
10044,NY,New York City,NJ-EDS-B
10045,NY,New York City,NJ-EDS-B
10055,NY,New York City,NJ-EDS-B
10060,NY,New York City,NJ-EDS-B
10065,NY,New York City,NJ-EDS-B
10069,NY,New York City,NJ-EDS-B
10075,NY,New York City,NJ-EDS-B
10080,NY,New York City,NJ-EDS-B
10081,NY,New York City,NJ-EDS-B
10087,NY,New York City,NJ-EDS-B
10090,NY,New York City,NJ-EDS-B
10102,NY,New York City,NJ-EDS-B
10103,NY,New York City,NJ-EDS-B
10104,NY,New York City,NJ-EDS-B
10105,NY,New York City,NJ-EDS-B
10106,NY,New York City,NJ-EDS-B
10107,NY,New York City,NJ-EDS-B
10109,NY,New York City,NJ-EDS-B
10110,NY,New York City,NJ-EDS-B
10111,NY,New York City,NJ-EDS-B
10112,NY,New York City,NJ-EDS-B
10114,NY,New York City,NJ-EDS-B
10115,NY,New York City,NJ-EDS-B
10117,NY,New York City,NJ-EDS-B
10118,NY,New York City,NJ-EDS-B
10119,NY,New York City,NJ-EDS-B
10120,NY,New York City,NJ-EDS-B
10121,NY,New York City,NJ-EDS-B
10122,NY,New York City,NJ-EDS-B
10123,NY,New York City,NJ-EDS-B
10124,NY,New York City,NJ-EDS-B
10125,NY,New York City,NJ-EDS-B
10126,NY,New York City,NJ-EDS-B
10128,NY,New York City,NJ-EDS-B
10130,NY,New York City,NJ-EDS-B
10131,NY,New York City,NJ-EDS-B
10132,NY,New York City,NJ-EDS-B
10133,NY,New York City,NJ-EDS-B
10138,NY,New York City,NJ-EDS-B
10151,NY,New York City,NJ-EDS-B
10152,NY,New York City,NJ-EDS-B
10153,NY,New York City,NJ-EDS-B
10154,NY,New York City,NJ-EDS-B
10155,NY,New York City,NJ-EDS-B
10157,NY,New York City,NJ-EDS-B
10158,NY,New York City,NJ-EDS-B
10160,NY,New York City,NJ-EDS-B
10162,NY,New York City,NJ-EDS-B
10164,NY,New York City,NJ-EDS-B
10165,NY,New York City,NJ-EDS-B
10166,NY,New York City,NJ-EDS-B
10167,NY,New York City,NJ-EDS-B
10168,NY,New York City,NJ-EDS-B
10169,NY,New York City,NJ-EDS-B
10170,NY,New York City,NJ-EDS-B
10171,NY,New York City,NJ-EDS-B
10172,NY,New York City,NJ-EDS-B
10173,NY,New York City,NJ-EDS-B
10174,NY,New York City,NJ-EDS-B
10175,NY,New York City,NJ-EDS-B
10176,NY,New York City,NJ-EDS-B
10177,NY,New York City,NJ-EDS-B
10178,NY,New York City,NJ-EDS-B
10179,NY,New York City,NJ-EDS-B
10199,NY,New York City,NJ-EDS-B
10203,NY,New York City,NJ-EDS-B
10211,NY,New York City,NJ-EDS-B
10212,NY,New York City,NJ-EDS-B
10213,NY,New York City,NJ-EDS-B
10256,NY,New York City,NJ-EDS-B
10258,NY,New York City,NJ-EDS-B
10259,NY,New York City,NJ-EDS-B
10260,NY,New York City,NJ-EDS-B
10261,NY,New York City,NJ-EDS-B
10265,NY,New York City,NJ-EDS-B
10269,NY,New York City,NJ-EDS-B
10270,NY,New York City,NJ-EDS-B
10271,NY,New York City,NJ-EDS-B
10273,NY,New York City,NJ-EDS-B
10275,NY,New York City,NJ-EDS-B
10277,NY,New York City,NJ-EDS-B
10278,NY,New York City,NJ-EDS-B
10279,NY,New York City,NJ-EDS-B
10280,NY,New York City,NJ-EDS-B
10281,NY,New York City,NJ-EDS-B
10282,NY,New York City,NJ-EDS-B
10285,NY,New York City,NJ-EDS-B
10286,NY,New York City,NJ-EDS-B
10301,NY,Staten Island,NJ-EDS-B
10302,NY,Staten Island,NJ-EDS-B
10303,NY,Staten Island,NJ-EDS-B
10304,NY,Staten Island,NJ-EDS-B
10305,NY,Staten Island,NJ-EDS-B
10306,NY,Staten Island,NJ-EDS-B
10307,NY,Staten Island,NJ-EDS-B
10308,NY,Staten Island,NJ-EDS-B
10309,NY,Staten Island,NJ-EDS-B
10310,NY,Staten Island,NJ-EDS-B
10311,NY,Staten Island,NJ-EDS-B
10312,NY,Staten Island,NJ-EDS-B
10314,NY,Staten Island,NJ-EDS-B
10451,NY,Bronx,NJ-EDS-B
10452,NY,Bronx,NJ-EDS-B
10453,NY,Bronx,NJ-EDS-B
10454,NY,Bronx,NJ-EDS-B
10455,NY,Bronx,NJ-EDS-B
10456,NY,Bronx,NJ-EDS-B
10457,NY,Bronx,NJ-EDS-B
10458,NY,Bronx,NJ-EDS-B
10459,NY,Bronx,NJ-EDS-B
10460,NY,Bronx,NJ-EDS-B
10461,NY,Bronx,NJ-EDS-B
10462,NY,Bronx,NJ-EDS-B
10463,NY,Bronx,NJ-EDS-B
10464,NY,Bronx,NJ-EDS-B
10465,NY,Bronx,NJ-EDS-B
10466,NY,Bronx,NJ-EDS-B
10467,NY,Bronx,NJ-EDS-B
10468,NY,Bronx,NJ-EDS-B
10469,NY,Bronx,NJ-EDS-B
10470,NY,Bronx,NJ-EDS-B
10471,NY,Bronx,NJ-EDS-B
10472,NY,Bronx,NJ-EDS-B
10473,NY,Bronx,NJ-EDS-B
10474,NY,Bronx,NJ-EDS-B
10475,NY,Bronx,NJ-EDS-B
10502,NY,Ardsley,NJ-EDS-B
10504,NY,Armonk,NJ-EDS-B
10510,NY,Briarcliff Manor,NJ-EDS-B
10514,NY,Chappaqua,NJ-EDS-B
10520,NY,Croton On Hudson,NJ-EDS-B
10522,NY,Dobbs Ferry,NJ-EDS-B
10523,NY,Elmsford,NJ-EDS-B
10528,NY,Harrison,NJ-EDS-B
10530,NY,Hartsdale,NJ-EDS-B
10532,NY,Hawthorne,NJ-EDS-B
10533,NY,Irvington,NJ-EDS-B
10538,NY,Larchmont,NJ-EDS-B
10543,NY,Mamaroneck,NJ-EDS-B
10546,NY,Millwood,NJ-EDS-B
10549,NY,Mount Kisco,NJ-EDS-B
10550,NY,Mount Vernon,NJ-EDS-B
10552,NY,Mount Vernon,NJ-EDS-B
10553,NY,Mount Vernon,NJ-EDS-B
10562,NY,Ossining,NJ-EDS-B
10570,NY,Pleasantville,NJ-EDS-B
10573,NY,Port Chester,NJ-EDS-B
10577,NY,Purchase,NJ-EDS-B
10580,NY,Rye,NJ-EDS-B
10583,NY,Scarsdale,NJ-EDS-B
10591,NY,Tarrytown,NJ-EDS-B
10594,NY,Thornwood,NJ-EDS-B
10595,NY,Valhalla,NJ-EDS-B
10601,NY,White Plains,NJ-EDS-B
10603,NY,White Plains,NJ-EDS-B
10604,NY,West Harrison,NJ-EDS-B
10605,NY,White Plains,NJ-EDS-B
10606,NY,White Plains,NJ-EDS-B
10607,NY,White Plains,NJ-EDS-B
10701,NY,Yonkers,NJ-EDS-B
10703,NY,Yonkers,NJ-EDS-B
10704,NY,Yonkers,NJ-EDS-B
10705,NY,Yonkers,NJ-EDS-B
10706,NY,Hastings On Hudson,NJ-EDS-B
10707,NY,Tuckahoe,NJ-EDS-B
10708,NY,Bronxville,NJ-EDS-B
10709,NY,Eastchester,NJ-EDS-B
10710,NY,Yonkers,NJ-EDS-B
10801,NY,New Rochelle,NJ-EDS-B
10803,NY,Pelham,NJ-EDS-B
10804,NY,Wykagyl,NJ-EDS-B
10805,NY,New Rochelle,NJ-EDS-B
10901,NY,Suffern,NJ-EDS-B
10913,NY,Blauvelt,NJ-EDS-B
10920,NY,Congers,NJ-EDS-B
10923,NY,Garnerville,NJ-EDS-B
10927,NY,Haverstraw,NJ-EDS-B
10952,NY,Monsey,NJ-EDS-B
10954,NY,Nanuet,NJ-EDS-B
10956,NY,New City,NJ-EDS-B
10960,NY,Nyack,NJ-EDS-B
10962,NY,Orangeburg,NJ-EDS-B
10964,NY,Palisades,NJ-EDS-B
10965,NY,Pearl River,NJ-EDS-B
10968,NY,Piermont,NJ-EDS-B
10976,NY,Sparkill,NJ-EDS-B
10977,NY,Spring Valley,NJ-EDS-B
10983,NY,Tappan,NJ-EDS-B
10984,NY,Thiells,NJ-EDS-B
10989,NY,Valley Cottage,NJ-EDS-B
10993,NY,West Haverstraw,NJ-EDS-B
10994,NY,West Nyack,NJ-EDS-B
11001,NY,Floral Park,NJ-EDS-B
11003,NY,Elmont,NJ-EDS-B
11004,NY,Glen Oaks,NJ-EDS-B
11005,NY,Floral Park,NJ-EDS-B
11010,NY,Franklin Square,NJ-EDS-B
11020,NY,Great Neck,NJ-EDS-B
11021,NY,Great Neck,NJ-EDS-B
11023,NY,Great Neck,NJ-EDS-B
11024,NY,Great Neck,NJ-EDS-B
11030,NY,Manhasset,NJ-EDS-B
11040,NY,New Hyde Park,NJ-EDS-B
11042,NY,New Hyde Park,NJ-EDS-B
11050,NY,Port Washington,NJ-EDS-B
11096,NY,Inwood,NJ-EDS-B
11101,NY,Long Island City,NJ-EDS-B
11102,NY,Astoria,NJ-EDS-B
11103,NY,Astoria,NJ-EDS-B
11104,NY,Sunnyside,NJ-EDS-B
11105,NY,Astoria,NJ-EDS-B
11106,NY,Astoria,NJ-EDS-B
11109,NY,Long Island City,NJ-EDS-B
11120,NY,Long Island City,NJ-EDS-B
11201,NY,Brooklyn,NJ-EDS-B
11203,NY,Brooklyn,NJ-EDS-B
11204,NY,Brooklyn,NJ-EDS-B
11205,NY,Brooklyn,NJ-EDS-B
11206,NY,Brooklyn,NJ-EDS-B
11207,NY,Brooklyn,NJ-EDS-B
11208,NY,Brooklyn,NJ-EDS-B
11209,NY,Brooklyn,NJ-EDS-B
11210,NY,Brooklyn,NJ-EDS-B
11211,NY,Brooklyn,NJ-EDS-B
11212,NY,Brooklyn,NJ-EDS-B
11213,NY,Brooklyn,NJ-EDS-B
11214,NY,Brooklyn,NJ-EDS-B
11215,NY,Brooklyn,NJ-EDS-B
11216,NY,Brooklyn,NJ-EDS-B
11217,NY,Brooklyn,NJ-EDS-B
11218,NY,Brooklyn,NJ-EDS-B
11219,NY,Brooklyn,NJ-EDS-B
11220,NY,Brooklyn,NJ-EDS-B
11221,NY,Brooklyn,NJ-EDS-B
11222,NY,Brooklyn,NJ-EDS-B
11223,NY,Brooklyn,NJ-EDS-B
11224,NY,Brooklyn,NJ-EDS-B
11225,NY,Brooklyn,NJ-EDS-B
11226,NY,Brooklyn,NJ-EDS-B
11228,NY,Brooklyn,NJ-EDS-B
11229,NY,Brooklyn,NJ-EDS-B
11230,NY,Brooklyn,NJ-EDS-B
11231,NY,Brooklyn,NJ-EDS-B
11232,NY,Brooklyn,NJ-EDS-B
11233,NY,Brooklyn,NJ-EDS-B
11234,NY,Brooklyn,NJ-EDS-B
11235,NY,Brooklyn,NJ-EDS-B
11236,NY,Brooklyn,NJ-EDS-B
11237,NY,Brooklyn,NJ-EDS-B
11238,NY,Brooklyn,NJ-EDS-B
11239,NY,Brooklyn,NJ-EDS-B
11241,NY,Brooklyn,NJ-EDS-B
11242,NY,Brooklyn,NJ-EDS-B
11243,NY,Brooklyn,NJ-EDS-B
11245,NY,Brooklyn,NJ-EDS-B
11249,NY,Brooklyn,NJ-EDS-B
11251,NY,Brooklyn,NJ-EDS-B
11252,NY,Brooklyn,NJ-EDS-B
11256,NY,Brooklyn,NJ-EDS-B
11351,NY,Flushing,NJ-EDS-B
11354,NY,Flushing,NJ-EDS-B
11355,NY,Flushing,NJ-EDS-B
11356,NY,College Point,NJ-EDS-B
11357,NY,Whitestone,NJ-EDS-B
11358,NY,Flushing,NJ-EDS-B
11359,NY,Bayside,NJ-EDS-B
11360,NY,Bayside,NJ-EDS-B
11361,NY,Bayside,NJ-EDS-B
11362,NY,Little Neck,NJ-EDS-B
11363,NY,Little Neck,NJ-EDS-B
11364,NY,Oakland Gardens,NJ-EDS-B
11365,NY,Fresh Meadows,NJ-EDS-B
11366,NY,Fresh Meadows,NJ-EDS-B
11367,NY,Flushing,NJ-EDS-B
11368,NY,Corona,NJ-EDS-B
11369,NY,East Elmhurst,NJ-EDS-B
11370,NY,East Elmhurst,NJ-EDS-B
11371,NY,Flushing,NJ-EDS-B
11372,NY,Jackson Heights,NJ-EDS-B
11373,NY,Elmhurst,NJ-EDS-B
11374,NY,Rego Park,NJ-EDS-B
11375,NY,Forest Hills,NJ-EDS-B
11377,NY,Woodside,NJ-EDS-B
11378,NY,Maspeth,NJ-EDS-B
11379,NY,Middle Village,NJ-EDS-B
11385,NY,Ridgewood,NJ-EDS-B
11405,NY,Jamaica,NJ-EDS-B
11411,NY,Cambria Heights,NJ-EDS-B
11412,NY,Saint Albans,NJ-EDS-B
11413,NY,Springfield Gardens,NJ-EDS-B
11414,NY,Howard Beach,NJ-EDS-B
11415,NY,Kew Gardens,NJ-EDS-B
11416,NY,Ozone Park,NJ-EDS-B
11417,NY,Ozone Park,NJ-EDS-B
11418,NY,Richmond Hill,NJ-EDS-B
11419,NY,South Richmond Hill,NJ-EDS-B
11420,NY,South Ozone Park,NJ-EDS-B
11421,NY,Woodhaven,NJ-EDS-B
11422,NY,Rosedale,NJ-EDS-B
11423,NY,Hollis,NJ-EDS-B
11425,NY,Jamaica,NJ-EDS-B
11426,NY,Bellerose,NJ-EDS-B
11427,NY,Queens Village,NJ-EDS-B
11428,NY,Queens Village,NJ-EDS-B
11429,NY,Queens Village,NJ-EDS-B
11430,NY,Jamaica,NJ-EDS-B
11432,NY,Jamaica,NJ-EDS-B
11433,NY,Jamaica,NJ-EDS-B
11434,NY,Jamaica,NJ-EDS-B
11435,NY,Jamaica,NJ-EDS-B
11436,NY,Jamaica,NJ-EDS-B
11437,NY,Jamaica,NJ-EDS-B
11439,NY,Jamaica,NJ-EDS-B
11451,NY,Jamaica,NJ-EDS-B
11499,NY,Jamaica,NJ-EDS-B
11501,NY,Mineola,NJ-EDS-B
11507,NY,Albertson,NJ-EDS-B
11509,NY,Atlantic Beach,NJ-EDS-B
11510,NY,Baldwin,NJ-EDS-B
11514,NY,Carle Place,NJ-EDS-B
11516,NY,Cedarhurst,NJ-EDS-B
11518,NY,East Rockaway,NJ-EDS-B
11520,NY,Freeport,NJ-EDS-B
11530,NY,Garden City,NJ-EDS-B
11542,NY,Glen Cove,NJ-EDS-B
11545,NY,Glen Head,NJ-EDS-B
11548,NY,Greenvale,NJ-EDS-B
11549,NY,Hempstead,NJ-EDS-B
11550,NY,Hempstead,NJ-EDS-B
11552,NY,West Hempstead,NJ-EDS-B
11553,NY,Uniondale,NJ-EDS-B
11554,NY,East Meadow,NJ-EDS-B
11555,NY,Uniondale,NJ-EDS-B
11556,NY,Uniondale,NJ-EDS-B
11557,NY,Hewlett,NJ-EDS-B
11558,NY,Island Park,NJ-EDS-B
11559,NY,Lawrence,NJ-EDS-B
11560,NY,Locust Valley,NJ-EDS-B
11561,NY,Long Beach,NJ-EDS-B
11563,NY,Lynbrook,NJ-EDS-B
11565,NY,Malverne,NJ-EDS-B
11566,NY,Merrick,NJ-EDS-B
11568,NY,Old Westbury,NJ-EDS-B
11570,NY,Rockville Centre,NJ-EDS-B
11572,NY,Oceanside,NJ-EDS-B
11575,NY,Roosevelt,NJ-EDS-B
11576,NY,Roslyn,NJ-EDS-B
11577,NY,Roslyn Heights,NJ-EDS-B
11579,NY,Sea Cliff,NJ-EDS-B
11580,NY,Valley Stream,NJ-EDS-B
11581,NY,Valley Stream,NJ-EDS-B
11590,NY,Westbury,NJ-EDS-B
11596,NY,Williston Park,NJ-EDS-B
11598,NY,Woodmere,NJ-EDS-B
11599,NY,Garden City,NJ-EDS-B
11691,NY,Far Rockaway,NJ-EDS-B
11692,NY,Arverne,NJ-EDS-B
11693,NY,Far Rockaway,NJ-EDS-B
11694,NY,Rockaway Park,NJ-EDS-B
11697,NY,Breezy Point,NJ-EDS-B
11701,NY,Amityville,NJ-EDS-B
11702,NY,Babylon,NJ-EDS-B
11703,NY,North Babylon,NJ-EDS-B
11704,NY,West Babylon,NJ-EDS-B
11706,NY,Bay Shore,NJ-EDS-B
11709,NY,Bayville,NJ-EDS-B
11710,NY,Bellmore,NJ-EDS-B
11714,NY,Bethpage,NJ-EDS-B
11717,NY,Brentwood,NJ-EDS-B
11718,NY,Brightwaters,NJ-EDS-B
11721,NY,Centerport,NJ-EDS-B
11724,NY,Cold Spring Harbor,NJ-EDS-B
11725,NY,Commack,NJ-EDS-B
11726,NY,Copiague,NJ-EDS-B
11729,NY,Deer Park,NJ-EDS-B
11731,NY,East Northport,NJ-EDS-B
11732,NY,East Norwich,NJ-EDS-B
11735,NY,Farmingdale,NJ-EDS-B
11737,NY,Farmingdale,NJ-EDS-B
11740,NY,Greenlawn,NJ-EDS-B
11743,NY,Huntington,NJ-EDS-B
11746,NY,Huntington Station,NJ-EDS-B
11747,NY,Melville,NJ-EDS-B
11751,NY,Islip,NJ-EDS-B
11753,NY,Jericho,NJ-EDS-B
11756,NY,Levittown,NJ-EDS-B
11757,NY,Lindenhurst,NJ-EDS-B
11758,NY,Massapequa,NJ-EDS-B
11762,NY,Massapequa Park,NJ-EDS-B
11765,NY,Mill Neck,NJ-EDS-B
11768,NY,Northport,NJ-EDS-B
11771,NY,Oyster Bay,NJ-EDS-B
11773,NY,Syosset,NJ-EDS-B
11775,NY,Melville,NJ-EDS-B
11783,NY,Seaford,NJ-EDS-B
11791,NY,Syosset,NJ-EDS-B
11793,NY,Wantagh,NJ-EDS-B
11795,NY,West Islip,NJ-EDS-B
11797,NY,Woodbury,NJ-EDS-B
11798,NY,Wyandanch,NJ-EDS-B
11801,NY,Hicksville,NJ-EDS-B
11803,NY,Plainview,NJ-EDS-B
11804,NY,Old Bethpage,NJ-EDS-B
11815,NY,Hicksville,NJ-EDS-B
11853,NY,Jericho,NJ-EDS-B
18902,PA,Doylestown,NJ-EDS-A
18912,PA,Buckingham,NJ-EDS-A
18913,PA,Carversville,NJ-EDS-A
18925,PA,Furlong,NJ-EDS-A
18929,PA,Jamison,NJ-EDS-A
18933,PA,Lumberville,NJ-EDS-A
18934,PA,Mechanicsville,NJ-EDS-A
18936,PA,Montgomeryville,NJ-EDS-A
18938,PA,New Hope,NJ-EDS-A
18940,PA,Newtown,NJ-EDS-A
18946,PA,Pineville,NJ-EDS-A
18954,PA,Richboro,NJ-EDS-A
18966,PA,Southampton,NJ-EDS-A
18974,PA,Warminster,NJ-EDS-A
18976,PA,Warrington,NJ-EDS-A
18977,PA,Washington Crossing,NJ-EDS-A
18980,PA,Wycombe,NJ-EDS-A
18991,PA,Warminster,NJ-EDS-A
19001,PA,Abington,NJ-EDS-A
19002,PA,Ambler,NJ-EDS-A
19003,PA,Ardmore,NJ-EDS-B
19004,PA,Bala Cynwyd,NJ-EDS-B
19006,PA,Huntingdon Valley,NJ-EDS-A
19007,PA,Bristol,NJ-EDS-A
19008,PA,Broomall,NJ-EDS-B
19010,PA,Bryn Mawr,NJ-EDS-B
19012,PA,Cheltenham,NJ-EDS-A
19013,PA,Chester,NJ-EDS-B
19018,PA,Clifton Heights,NJ-EDS-B
19020,PA,Bensalem,NJ-EDS-A
19021,PA,Croydon,NJ-EDS-A
19022,PA,Crum Lynne,NJ-EDS-B
19023,PA,Darby,NJ-EDS-B
19025,PA,Dresher,NJ-EDS-A
19026,PA,Drexel Hill,NJ-EDS-B
19027,PA,Elkins Park,NJ-EDS-A
19029,PA,Essington,NJ-EDS-B
19030,PA,Fairless Hills,NJ-EDS-A
19031,PA,Flourtown,NJ-EDS-B
19032,PA,Folcroft,NJ-EDS-B
19033,PA,Folsom,NJ-EDS-B
19034,PA,Fort Washington,NJ-EDS-B
19035,PA,Gladwyne,NJ-EDS-B
19036,PA,Glenolden,NJ-EDS-B
19038,PA,Glenside,NJ-EDS-B
19040,PA,Hatboro,NJ-EDS-A
19041,PA,Haverford,NJ-EDS-B
19043,PA,Holmes,NJ-EDS-B
19044,PA,Horsham,NJ-EDS-A
19046,PA,Jenkintown,NJ-EDS-A
19047,PA,Langhorne,NJ-EDS-A
19048,PA,Langhorne,NJ-EDS-A
19049,PA,Langhorne,NJ-EDS-A
19050,PA,Lansdowne,NJ-EDS-B
19053,PA,Feasterville Trevose,NJ-EDS-A
19054,PA,Levittown,NJ-EDS-A
19055,PA,Levittown,NJ-EDS-A
19056,PA,Levittown,NJ-EDS-A
19057,PA,Levittown,NJ-EDS-A
19064,PA,Springfield,NJ-EDS-B
19066,PA,Merion Station,NJ-EDS-B
19067,PA,Morrisville,NJ-EDS-A
19070,PA,Morton,NJ-EDS-B
19072,PA,Narberth,NJ-EDS-B
19074,PA,Norwood,NJ-EDS-B
19075,PA,Oreland,NJ-EDS-B
19076,PA,Prospect Park,NJ-EDS-B
19078,PA,Ridley Park,NJ-EDS-B
19079,PA,Sharon Hill,NJ-EDS-B
19081,PA,Swarthmore,NJ-EDS-B
19082,PA,Upper Darby,NJ-EDS-B
19083,PA,Havertown,NJ-EDS-B
19085,PA,Villanova,NJ-EDS-B
19086,PA,Wallingford,NJ-EDS-B
19090,PA,Willow Grove,NJ-EDS-A
19091,PA,Media,NJ-EDS-B
19092,PA,Philadelphia,NJ-EDS-B
19093,PA,Philadelphia,NJ-EDS-B
19094,PA,Woodlyn,NJ-EDS-B
19095,PA,Wyncote,NJ-EDS-A
19096,PA,Wynnewood,NJ-EDS-B
19098,PA,Holmes,NJ-EDS-B
19099,PA,Philadelphia,NJ-EDS-B
19102,PA,Philadelphia,NJ-EDS-B
19103,PA,Philadelphia,NJ-EDS-B
19104,PA,Philadelphia,NJ-EDS-B
19106,PA,Philadelphia,NJ-EDS-B
19107,PA,Philadelphia,NJ-EDS-B
19109,PA,Philadelphia,NJ-EDS-B
19110,PA,Philadelphia,NJ-EDS-B
19111,PA,Philadelphia,NJ-EDS-A
19112,PA,Philadelphia,NJ-EDS-B
19113,PA,Philadelphia,NJ-EDS-B
19114,PA,Philadelphia,NJ-EDS-A
19115,PA,Philadelphia,NJ-EDS-A
19116,PA,Philadelphia,NJ-EDS-A
19118,PA,Philadelphia,NJ-EDS-B
19119,PA,Philadelphia,NJ-EDS-B
19120,PA,Philadelphia,NJ-EDS-B
19121,PA,Philadelphia,NJ-EDS-B
19122,PA,Philadelphia,NJ-EDS-B
19123,PA,Philadelphia,NJ-EDS-B
19124,PA,Philadelphia,NJ-EDS-B
19125,PA,Philadelphia,NJ-EDS-B
19126,PA,Philadelphia,NJ-EDS-B
19127,PA,Philadelphia,NJ-EDS-B
19128,PA,Philadelphia,NJ-EDS-B
19129,PA,Philadelphia,NJ-EDS-B
19130,PA,Philadelphia,NJ-EDS-B
19131,PA,Philadelphia,NJ-EDS-B
19132,PA,Philadelphia,NJ-EDS-B
19133,PA,Philadelphia,NJ-EDS-B
19134,PA,Philadelphia,NJ-EDS-B
19135,PA,Philadelphia,NJ-EDS-A
19136,PA,Philadelphia,NJ-EDS-A
19137,PA,Philadelphia,NJ-EDS-B
19138,PA,Philadelphia,NJ-EDS-B
19139,PA,Philadelphia,NJ-EDS-B
19140,PA,Philadelphia,NJ-EDS-B
19141,PA,Philadelphia,NJ-EDS-B
19142,PA,Philadelphia,NJ-EDS-B
19143,PA,Philadelphia,NJ-EDS-B
19144,PA,Philadelphia,NJ-EDS-B
19145,PA,Philadelphia,NJ-EDS-B
19146,PA,Philadelphia,NJ-EDS-B
19147,PA,Philadelphia,NJ-EDS-B
19148,PA,Philadelphia,NJ-EDS-B
19149,PA,Philadelphia,NJ-EDS-A
19150,PA,Philadelphia,NJ-EDS-B
19151,PA,Philadelphia,NJ-EDS-B
19152,PA,Philadelphia,NJ-EDS-A
19153,PA,Philadelphia,NJ-EDS-B
19154,PA,Philadelphia,NJ-EDS-A
19161,PA,Philadelphia,NJ-EDS-B
19162,PA,Philadelphia,NJ-EDS-B
19170,PA,Philadelphia,NJ-EDS-B
19171,PA,Philadelphia,NJ-EDS-B
19172,PA,Philadelphia,NJ-EDS-B
19173,PA,Philadelphia,NJ-EDS-B
19175,PA,Philadelphia,NJ-EDS-B
19177,PA,Philadelphia,NJ-EDS-B
19178,PA,Philadelphia,NJ-EDS-B
19179,PA,Philadelphia,NJ-EDS-B
19181,PA,Philadelphia,NJ-EDS-B
19182,PA,Philadelphia,NJ-EDS-B
19183,PA,Philadelphia,NJ-EDS-B
19184,PA,Philadelphia,NJ-EDS-B
19185,PA,Philadelphia,NJ-EDS-B
19187,PA,Philadelphia,NJ-EDS-B
19188,PA,Philadelphia,NJ-EDS-B
19190,PA,Philadelphia,NJ-EDS-B
19191,PA,Philadelphia,NJ-EDS-B
19192,PA,Philadelphia,NJ-EDS-B
19193,PA,Philadelphia,NJ-EDS-B
19194,PA,Philadelphia,NJ-EDS-B
19195,PA,Philadelphia,NJ-EDS-B
19196,PA,Philadelphia,NJ-EDS-B
19197,PA,Philadelphia,NJ-EDS-B
19244,PA,Philadelphia,NJ-EDS-B
19255,PA,Philadelphia,NJ-EDS-B
19405,PA,Bridgeport,NJ-EDS-B
19422,PA,Blue Bell,NJ-EDS-B
19424,PA,Blue Bell,NJ-EDS-B
19428,PA,Conshohocken,NJ-EDS-B
19429,PA,Conshohocken,NJ-EDS-B
19436,PA,Gwynedd,NJ-EDS-B
19444,PA,Lafayette Hill,NJ-EDS-B
19454,PA,North Wales,NJ-EDS-A
19462,PA,Plymouth Meeting,NJ-EDS-B
19477,PA,Spring House,NJ-EDS-A
08205,NJ,Absecon,NJ-EDS-C
08201,NJ,Absecon,NJ-EDS-C
12404,NY,Accord,NJ-EDS-C
17501,PA,Akron,NJ-EDS-C
18210,PA,Albrightsville,NJ-EDS-C
18011,PA,Alburtis,NJ-EDS-C
18109,PA,Allentown,NJ-EDS-C
18101,PA,Allentown,NJ-EDS-C
18103,PA,Allentown,NJ-EDS-C
18102,PA,Allentown,NJ-EDS-C
18104,PA,Allentown,NJ-EDS-C
18106,PA,Allentown,NJ-EDS-C
18195,PA,Allentown,NJ-EDS-C
10501,NY,Amawalk,NJ-EDS-C
07821,NJ,Andover,NJ-EDS-C
18211,PA,Andreas,NJ-EDS-C
06401,CT,Ansonia,NJ-EDS-C
18403,PA,Archbald,NJ-EDS-C
08802,NJ,Asbury,NJ-EDS-C
19014,PA,Aston,NJ-EDS-C
08004,NJ,Atco,NJ-EDS-C
19310,PA,Atglen,NJ-EDS-C
08401,NJ,Atlantic City,NJ-EDS-C
08405,NJ,Atlantic City,NJ-EDS-C
17922,PA,Auburn,NJ-EDS-C
07822,NJ,Augusta,NJ-EDS-C
19311,PA,Avondale,NJ-EDS-C
10505,NY,Baldwin Place,NJ-EDS-C
19503,PA,Bally,NJ-EDS-C
18013,PA,Bangor,NJ-EDS-C
08005,NJ,Barnegat,NJ-EDS-C
18214,PA,Barnesville,NJ-EDS-C
12719,NY,Barryville,NJ-EDS-C
19504,PA,Barto,NJ-EDS-C
18321,PA,Bartonsville,NJ-EDS-C
18014,PA,Bath,NJ-EDS-C
11705,NY,Bayport,NJ-EDS-C
08008,NJ,Beach Haven,NJ-EDS-C
18405,PA,Beach Lake,NJ-EDS-C
12508,NY,Beacon,NJ-EDS-C
06403,CT,Beacon Falls,NJ-EDS-C
19701,DE,Bear,NJ-EDS-C
10911,NY,Bear Mountain,NJ-EDS-C
18216,PA,Beaver Meadows,NJ-EDS-C
19505,PA,Bechtelsville,NJ-EDS-C
10506,NY,Bedford,NJ-EDS-C
10507,NY,Bedford Hills,NJ-EDS-C
11713,NY,Bellport,NJ-EDS-C
07823,NJ,Belvidere,NJ-EDS-C
19506,PA,Bernville,NJ-EDS-C
19312,PA,Berwyn,NJ-EDS-C
06524,CT,Bethany,NJ-EDS-C
06801,CT,Bethel,NJ-EDS-C
12720,NY,Bethel,NJ-EDS-C
18020,PA,Bethlehem,NJ-EDS-C
18015,PA,Bethlehem,NJ-EDS-C
18016,PA,Bethlehem,NJ-EDS-C
18018,PA,Bethlehem,NJ-EDS-C
18017,PA,Bethlehem,NJ-EDS-C
18025,PA,Bethlehem,NJ-EDS-C
06751,CT,Bethlehem,NJ-EDS-C
17505,PA,Bird In Hand,NJ-EDS-C
19508,PA,Birdsboro,NJ-EDS-C
07825,NJ,Blairstown,NJ-EDS-C
18610,PA,Blakeslee,NJ-EDS-C
19510,PA,Blandon,NJ-EDS-C
12721,NY,Bloomingburg,NJ-EDS-C
07403,NJ,Bloomingdale,NJ-EDS-C
12411,NY,Bloomington,NJ-EDS-C
08804,NJ,Bloomsbury,NJ-EDS-C
11715,NY,Blue Point,NJ-EDS-C
11716,NY,Bohemia,NJ-EDS-C
07005,NJ,Boonton,NJ-EDS-C
19512,PA,Boyertown,NJ-EDS-C
07890,NJ,Branchville,NJ-EDS-C
07826,NJ,Branchville,NJ-EDS-C
06405,CT,Branford,NJ-EDS-C
18031,PA,Breinigsville,NJ-EDS-C
10509,NY,Brewster,NJ-EDS-C
08014,NJ,Bridgeport,NJ-EDS-C
06605,CT,Bridgeport,NJ-EDS-C
06673,CT,Bridgeport,NJ-EDS-C
06699,CT,Bridgeport,NJ-EDS-C
06604,CT,Bridgeport,NJ-EDS-C
06606,CT,Bridgeport,NJ-EDS-C
06608,CT,Bridgeport,NJ-EDS-C
06607,CT,Bridgeport,NJ-EDS-C
06610,CT,Bridgeport,NJ-EDS-C
08302,NJ,Bridgeton,NJ-EDS-C
06752,CT,Bridgewater,NJ-EDS-C
08203,NJ,Brigantine,NJ-EDS-C
17925,PA,Brockton,NJ-EDS-C
18322,PA,Brodheadsville,NJ-EDS-C
06804,CT,Brookfield,NJ-EDS-C
19015,PA,Brookhaven,NJ-EDS-C
11719,NY,Brookhaven,NJ-EDS-C
10511,NY,Buchanan,NJ-EDS-C
07828,NJ,Budd Lake,NJ-EDS-C
08310,NJ,Buena,NJ-EDS-C
18324,PA,Bushkill,NJ-EDS-C
07405,NJ,Butler,NJ-EDS-C
12723,NY,Callicoon,NJ-EDS-C
11933,NY,Calverton,NJ-EDS-C
10916,NY,Campbell Hall,NJ-EDS-C
18325,PA,Canadensis,NJ-EDS-C
08210,NJ,Cape May Court House,NJ-EDS-C
18407,PA,Carbondale,NJ-EDS-C
10512,NY,Carmel,NJ-EDS-C
18032,PA,Catasauqua,NJ-EDS-C
08311,NJ,Cedarville,NJ-EDS-C
11934,NY,Center Moriches,NJ-EDS-C
18034,PA,Center Valley,NJ-EDS-C
11720,NY,Centereach,NJ-EDS-C
11722,NY,Central Islip,NJ-EDS-C
10917,NY,Central Valley,NJ-EDS-C
19317,PA,Chadds Ford,NJ-EDS-C
18914,PA,Chalfont,NJ-EDS-C
07831,NJ,Changewater,NJ-EDS-C
08019,NJ,Chatsworth,NJ-EDS-C
18035,PA,Cherryville,NJ-EDS-C
07930,NJ,Chester,NJ-EDS-C
10918,NY,Chester,NJ-EDS-C
19425,PA,Chester Springs,NJ-EDS-C
19319,PA,Cheyney,NJ-EDS-C
17509,PA,Christiana,NJ-EDS-C
10919,NY,Circleville,NJ-EDS-C
18411,PA,Clarks Summit,NJ-EDS-C
12725,NY,Claryville,NJ-EDS-C
19703,DE,Claymont,NJ-EDS-C
08312,NJ,Clayton,NJ-EDS-C
12514,NY,Clinton Corners,NJ-EDS-C
12515,NY,Clintondale,NJ-EDS-C
18218,PA,Coaldale,NJ-EDS-C
19320,PA,Coatesville,NJ-EDS-C
12726,NY,Cochecton,NJ-EDS-C
12727,NY,Cochecton Center,NJ-EDS-C
19330,PA,Cochranville,NJ-EDS-C
10516,NY,Cold Spring,NJ-EDS-C
19426,PA,Collegeville,NJ-EDS-C
18915,PA,Colmar,NJ-EDS-C
07832,NJ,Columbia,NJ-EDS-C
19340,PA,Concordville,NJ-EDS-C
19339,PA,Concordville,NJ-EDS-C
18036,PA,Coopersburg,NJ-EDS-C
18037,PA,Coplay,NJ-EDS-C
11727,NY,Coram,NJ-EDS-C
12518,NY,Cornwall,NJ-EDS-C
12520,NY,Cornwall On Hudson,NJ-EDS-C
10567,NY,Cortlandt Manor,NJ-EDS-C
06807,CT,Cos Cob,NJ-EDS-C
12419,NY,Cottekill,NJ-EDS-C
18326,PA,Cresco,NJ-EDS-C
17929,PA,Cressona,NJ-EDS-C
10518,NY,Cross River,NJ-EDS-C
12729,NY,Cuddebackville,NJ-EDS-C
18414,PA,Dalton,NJ-EDS-C
18415,PA,Damascus,NJ-EDS-C
06810,CT,Danbury,NJ-EDS-C
06811,CT,Danbury,NJ-EDS-C
18038,PA,Danielsville,NJ-EDS-C
06820,CT,Darien,NJ-EDS-C
08314,NJ,Delmont,NJ-EDS-C
17517,PA,Denver,NJ-EDS-C
07834,NJ,Denville,NJ-EDS-C
06418,CT,Derby,NJ-EDS-C
19333,PA,Devon,NJ-EDS-C
18519,PA,Dickson City,NJ-EDS-C
18328,PA,Dingmans Ferry,NJ-EDS-C
08317,NJ,Dorothy,NJ-EDS-C
19518,PA,Douglassville,NJ-EDS-C
07801,NJ,Dover,NJ-EDS-C
12522,NY,Dover Plains,NJ-EDS-C
19335,PA,Downingtown,NJ-EDS-C
18222,PA,Drums,NJ-EDS-C
18917,PA,Dublin,NJ-EDS-C
18642,PA,Duryea,NJ-EDS-C
19415,PA,Eagleville,NJ-EDS-C
17519,PA,East Earl,NJ-EDS-C
18041,PA,East Greenville,NJ-EDS-C
06512,CT,East Haven,NJ-EDS-C
11730,NY,East Islip,NJ-EDS-C
11940,NY,East Moriches,NJ-EDS-C
11942,NY,East Quogue,NJ-EDS-C
11733,NY,East Setauket,NJ-EDS-C
18301,PA,East Stroudsburg,NJ-EDS-C
18302,PA,East Stroudsburg,NJ-EDS-C
18042,PA,Easton,NJ-EDS-C
18040,PA,Easton,NJ-EDS-C
18045,PA,Easton,NJ-EDS-C
06612,CT,Easton,NJ-EDS-C
11941,NY,Eastport,NJ-EDS-C
18330,PA,Effort,NJ-EDS-C
08215,NJ,Egg Harbor City,NJ-EDS-C
08234,NJ,Egg Harbor Township,NJ-EDS-C
12732,NY,Eldred,NJ-EDS-C
21921,MD,Elkton,NJ-EDS-C
12428,NY,Ellenville,NJ-EDS-C
08318,NJ,Elmer,NJ-EDS-C
19520,PA,Elverson,NJ-EDS-C
18098,PA,Emmaus,NJ-EDS-C
18099,PA,Emmaus,NJ-EDS-C
18049,PA,Emmaus,NJ-EDS-C
17522,PA,Ephrata,NJ-EDS-C
18417,PA,Equinunk,NJ-EDS-C
18920,PA,Erwinna,NJ-EDS-C
08319,NJ,Estell Manor,NJ-EDS-C
19341,PA,Exton,NJ-EDS-C
06824,CT,Fairfield,NJ-EDS-C
06825,CT,Fairfield,NJ-EDS-C
06828,CT,Fairfield,NJ-EDS-C
12733,NY,Fallsburg,NJ-EDS-C
11738,NY,Farmingville,NJ-EDS-C
12734,NY,Ferndale,NJ-EDS-C
12524,NY,Fishkill,NJ-EDS-C
07836,NJ,Flanders,NJ-EDS-C
19522,PA,Fleetwood,NJ-EDS-C
10921,NY,Florida,NJ-EDS-C
18051,PA,Fogelsville,NJ-EDS-C
18421,PA,Forest City,NJ-EDS-C
12777,NY,Forestburgh,NJ-EDS-C
18923,PA,Fountainville,NJ-EDS-C
17931,PA,Frackville,NJ-EDS-C
17932,PA,Frackville,NJ-EDS-C
07416,NJ,Franklin,NJ-EDS-C
08322,NJ,Franklinville,NJ-EDS-C
19435,PA,Frederick,NJ-EDS-C
18224,PA,Freeland,NJ-EDS-C
12736,NY,Fremont Center,NJ-EDS-C
17527,PA,Gap,NJ-EDS-C
12525,NY,Gardiner,NJ-EDS-C
19060,PA,Garnet Valley,NJ-EDS-C
10524,NY,Garrison,NJ-EDS-C
06755,CT,Gaylordsville,NJ-EDS-C
18053,PA,Germansville,NJ-EDS-C
18331,PA,Gilbert,NJ-EDS-C
17934,PA,Gilberton,NJ-EDS-C
19525,PA,Gilbertsville,NJ-EDS-C
08028,NJ,Glassboro,NJ-EDS-C
08826,NJ,Glen Gardner,NJ-EDS-C
18617,PA,Glen Lyon,NJ-EDS-C
19342,PA,Glen Mills,NJ-EDS-C
12737,NY,Glen Spey,NJ-EDS-C
12738,NY,Glen Wild,NJ-EDS-C
19343,PA,Glenmoore,NJ-EDS-C
07418,NJ,Glenwood,NJ-EDS-C
10526,NY,Goldens Bridge,NJ-EDS-C
17529,PA,Gordonville,NJ-EDS-C
10924,NY,Goshen,NJ-EDS-C
18424,PA,Gouldsboro,NJ-EDS-C
12740,NY,Grahamsville,NJ-EDS-C
10527,NY,Granite Springs,NJ-EDS-C
07838,NJ,Great Meadows,NJ-EDS-C
18425,PA,Greeley,NJ-EDS-C
18054,PA,Green Lane,NJ-EDS-C
12435,NY,Greenfield Park,NJ-EDS-C
18426,PA,Greentown,NJ-EDS-C
08323,NJ,Greenwich,NJ-EDS-C
10925,NY,Greenwood Lake,NJ-EDS-C
07840,NJ,Hackettstown,NJ-EDS-C
07419,NJ,Hamburg,NJ-EDS-C
19526,PA,Hamburg,NJ-EDS-C
06514,CT,Hamden,NJ-EDS-C
06517,CT,Hamden,NJ-EDS-C
06518,CT,Hamden,NJ-EDS-C
08037,NJ,Hammonton,NJ-EDS-C
08827,NJ,Hampton,NJ-EDS-C
12741,NY,Hankins,NJ-EDS-C
19441,PA,Harleysville,NJ-EDS-C
19438,PA,Harleysville,NJ-EDS-C
10926,NY,Harriman,NJ-EDS-C
12742,NY,Harris,NJ-EDS-C
07420,NJ,Haskell,NJ-EDS-C
19440,PA,Hatfield,NJ-EDS-C
11788,NY,Hauppauge,NJ-EDS-C
18428,PA,Hawley,NJ-EDS-C
18201,PA,Hazleton,NJ-EDS-C
18202,PA,Hazleton,NJ-EDS-C
08324,NJ,Heislerville,NJ-EDS-C
18055,PA,Hellertown,NJ-EDS-C
18332,PA,Henryville,NJ-EDS-C
18056,PA,Hereford,NJ-EDS-C
07421,NJ,Hewitt,NJ-EDS-C
12440,NY,High Falls,NJ-EDS-C
12528,NY,Highland,NJ-EDS-C
10928,NY,Highland Falls,NJ-EDS-C
12743,NY,Highland Lake,NJ-EDS-C
07422,NJ,Highland Lakes,NJ-EDS-C
10930,NY,Highland Mills,NJ-EDS-C
10931,NY,Hillburn,NJ-EDS-C
18927,PA,Hilltown,NJ-EDS-C
19707,DE,Hockessin,NJ-EDS-C
11741,NY,Holbrook,NJ-EDS-C
12531,NY,Holmes,NJ-EDS-C
00501,NY,Holtsville,NJ-EDS-C
00544,NY,Holtsville,NJ-EDS-C
11742,NY,Holtsville,NJ-EDS-C
18431,PA,Honesdale,NJ-EDS-C
19344,PA,Honey Brook,NJ-EDS-C
07843,NJ,Hopatcong,NJ-EDS-C
12533,NY,Hopewell Junction,NJ-EDS-C
12745,NY,Hortonville,NJ-EDS-C
12746,NY,Huguenot,NJ-EDS-C
12443,NY,Hurley,NJ-EDS-C
12747,NY,Hurleyville,NJ-EDS-C
12538,NY,Hyde Park,NJ-EDS-C
11749,NY,Islandia,NJ-EDS-C
11752,NY,Islip Terrace,NJ-EDS-C
10535,NY,Jefferson Valley,NJ-EDS-C
12748,NY,Jeffersonville,NJ-EDS-C
18433,PA,Jermyn,NJ-EDS-C
18434,PA,Jessup,NJ-EDS-C
18229,PA,Jim Thorpe,NJ-EDS-C
10536,NY,Katonah,NJ-EDS-C
19529,PA,Kempton,NJ-EDS-C
19348,PA,Kennett Square,NJ-EDS-C
12750,NY,Kenoza Lake,NJ-EDS-C
06757,CT,Kent,NJ-EDS-C
07847,NJ,Kenvil,NJ-EDS-C
12446,NY,Kerhonkson,NJ-EDS-C
12751,NY,Kiamesha Lake,NJ-EDS-C
19406,PA,King Of Prussia,NJ-EDS-C
11754,NY,Kings Park,NJ-EDS-C
18704,PA,Kingston,NJ-EDS-C
18930,PA,Kintnersville,NJ-EDS-C
17535,PA,Kinzers,NJ-EDS-C
17536,PA,Kirkwood,NJ-EDS-C
18333,PA,Kresgeville,NJ-EDS-C
18058,PA,Kunkletown,NJ-EDS-C
19530,PA,Kutztown,NJ-EDS-C
18435,PA,Lackawaxen,NJ-EDS-C
07848,NJ,Lafayette,NJ-EDS-C
12540,NY,Lagrangeville,NJ-EDS-C
18436,PA,Lake Ariel,NJ-EDS-C
11755,NY,Lake Grove,NJ-EDS-C
07849,NJ,Lake Hopatcong,NJ-EDS-C
12752,NY,Lake Huntington,NJ-EDS-C
10537,NY,Lake Peekskill,NJ-EDS-C
18438,PA,Lakeville,NJ-EDS-C
19350,PA,Landenberg,NJ-EDS-C
07850,NJ,Landing,NJ-EDS-C
08326,NJ,Landisville,NJ-EDS-C
19446,PA,Lansdale,NJ-EDS-C
18232,PA,Lansford,NJ-EDS-C
18059,PA,Laurys Station,NJ-EDS-C
08735,NJ,Lavallette,NJ-EDS-C
07851,NJ,Layton,NJ-EDS-C
07852,NJ,Ledgewood,NJ-EDS-C
08327,NJ,Leesburg,NJ-EDS-C
19533,PA,Leesport,NJ-EDS-C
18003,PA,Lehigh Valley,NJ-EDS-C
18235,PA,Lehighton,NJ-EDS-C
19534,PA,Lenhartsville,NJ-EDS-C
17540,PA,Leola,NJ-EDS-C
12754,NY,Liberty,NJ-EDS-C
19352,PA,Lincoln University,NJ-EDS-C
18932,PA,Line Lexington,NJ-EDS-C
08221,NJ,Linwood,NJ-EDS-C
12758,NY,Livingston Manor,NJ-EDS-C
12759,NY,Loch Sheldrake,NJ-EDS-C
18334,PA,Long Pond,NJ-EDS-C
07853,NJ,Long Valley,NJ-EDS-C
08403,NJ,Longport,NJ-EDS-C
18709,PA,Luzerne,NJ-EDS-C
18062,PA,Macungie,NJ-EDS-C
17948,PA,Mahanoy City,NJ-EDS-C
10541,NY,Mahopac,NJ-EDS-C
08328,NJ,Malaga,NJ-EDS-C
19355,PA,Malvern,NJ-EDS-C
08050,NJ,Manahawkin,NJ-EDS-C
11949,NY,Manorville,NJ-EDS-C
08738,NJ,Mantoloking,NJ-EDS-C
19061,PA,Marcus Hook,NJ-EDS-C
08402,NJ,Margate City,NJ-EDS-C
12542,NY,Marlboro,NJ-EDS-C
08223,NJ,Marmora,NJ-EDS-C
17952,PA,Mary D,NJ-EDS-C
11950,NY,Mastic,#NAME?
11951,NY,Mastic Beach,NJ-EDS-C
18336,PA,Matamoras,NJ-EDS-C
12543,NY,Maybrook,NJ-EDS-C
08330,NJ,Mays Landing,NJ-EDS-C
18237,PA,Mcadoo,NJ-EDS-C
11763,NY,Medford,NJ-EDS-C
19063,PA,Media,NJ-EDS-C
19539,PA,Mertztown,NJ-EDS-C
11953,NY,Middle Island,NJ-EDS-C
06762,CT,Middlebury,NJ-EDS-C
17953,PA,Middleport,NJ-EDS-C
10940,NY,Middletown,NJ-EDS-C
10941,NY,Middletown,NJ-EDS-C
19709,DE,Middletown,NJ-EDS-C
18443,PA,Milanville,NJ-EDS-C
08848,NJ,Milford,NJ-EDS-C
18337,PA,Milford,NJ-EDS-C
06460,CT,Milford,NJ-EDS-C
06461,CT,Milford,NJ-EDS-C
12545,NY,Millbrook,NJ-EDS-C
11764,NY,Miller Place,NJ-EDS-C
08332,NJ,Millville,NJ-EDS-C
08340,NJ,Milmay,NJ-EDS-C
12547,NY,Milton,NJ-EDS-C
07803,NJ,Mine Hill,NJ-EDS-C
17954,PA,Minersville,NJ-EDS-C
08341,NJ,Minotola,NJ-EDS-C
12548,NY,Modena,NJ-EDS-C
10547,NY,Mohegan Lake,NJ-EDS-C
19540,PA,Mohnton,NJ-EDS-C
19541,PA,Mohrsville,NJ-EDS-C
12762,NY,Mongaup Valley,NJ-EDS-C
10950,NY,Monroe,NJ-EDS-C
06468,CT,Monroe,NJ-EDS-C
08343,NJ,Monroeville,NJ-EDS-C
19453,PA,Mont Clare,NJ-EDS-C
07827,NJ,Montague,NJ-EDS-C
12549,NY,Montgomery,NJ-EDS-C
12701,NY,Monticello,NJ-EDS-C
10548,NY,Montrose,NJ-EDS-C
18507,PA,Moosic,NJ-EDS-C
19543,PA,Morgantown,NJ-EDS-C
11955,NY,Moriches,NJ-EDS-C
18444,PA,Moscow,NJ-EDS-C
07856,NJ,Mount Arlington,NJ-EDS-C
18343,PA,Mount Bethel,NJ-EDS-C
18344,PA,Mount Pocono,NJ-EDS-C
11766,NY,Mount Sinai,NJ-EDS-C
12763,NY,Mountain Dale,NJ-EDS-C
07046,NJ,Mountain Lakes,NJ-EDS-C
18707,PA,Mountain Top,NJ-EDS-C
08062,NJ,Mullica Hill,NJ-EDS-C
18634,PA,Nanticoke,NJ-EDS-C
12458,NY,Napanoch,NJ-EDS-C
12764,NY,Narrowsburg,NJ-EDS-C
17555,PA,Narvon,NJ-EDS-C
06770,CT,Naugatuck,NJ-EDS-C
18064,PA,Nazareth,NJ-EDS-C
11767,NY,Nesconset,NJ-EDS-C
18240,PA,Nesquehoning,NJ-EDS-C
07857,NJ,Netcong,NJ-EDS-C
12765,NY,Neversink,NJ-EDS-C
06840,CT,New Canaan,NJ-EDS-C
19721,DE,New Castle,NJ-EDS-C
19720,DE,New Castle,NJ-EDS-C
06812,CT,New Fairfield,NJ-EDS-C
10958,NY,New Hampton,NJ-EDS-C
06519,CT,New Haven,NJ-EDS-C
06515,CT,New Haven,NJ-EDS-C
06537,CT,New Haven,NJ-EDS-C
06538,CT,New Haven,NJ-EDS-C
06540,CT,New Haven,NJ-EDS-C
06510,CT,New Haven,NJ-EDS-C
06511,CT,New Haven,NJ-EDS-C
06513,CT,New Haven,NJ-EDS-C
17557,PA,New Holland,NJ-EDS-C
06776,CT,New Milford,NJ-EDS-C
12561,NY,New Paltz,NJ-EDS-C
17959,PA,New Philadelphia,NJ-EDS-C
06777,CT,New Preston Marble Dale,NJ-EDS-C
17960,PA,New Ringgold,NJ-EDS-C
18066,PA,New Tripoli,NJ-EDS-C
12553,NY,New Windsor,NJ-EDS-C
19711,DE,Newark,NJ-EDS-C
19713,DE,Newark,NJ-EDS-C
19712,DE,Newark,NJ-EDS-C
19718,DE,Newark,NJ-EDS-C
19725,DE,Newark,NJ-EDS-C
19726,DE,Newark,NJ-EDS-C
19717,DE,Newark,NJ-EDS-C
19716,DE,Newark,NJ-EDS-C
19702,DE,Newark,NJ-EDS-C
12550,NY,Newburgh,NJ-EDS-C
08344,NJ,Newfield,NJ-EDS-C
07435,NJ,Newfoundland,NJ-EDS-C
18445,PA,Newfoundland,NJ-EDS-C
17073,PA,Newmanstown,NJ-EDS-C
08345,NJ,Newport,NJ-EDS-C
07860,NJ,Newton,NJ-EDS-C
08346,NJ,Newtonville,NJ-EDS-C
06470,CT,Newtown,NJ-EDS-C
19073,PA,Newtown Square,NJ-EDS-C
19401,PA,Norristown,NJ-EDS-C
19403,PA,Norristown,NJ-EDS-C
12766,NY,North Branch,NJ-EDS-C
10560,NY,North Salem,NJ-EDS-C
19455,PA,North Wales,NJ-EDS-C
18067,PA,Northampton,NJ-EDS-C
08225,NJ,Northfield,NJ-EDS-C
06853,CT,Norwalk,NJ-EDS-C
06854,CT,Norwalk,NJ-EDS-C
06850,CT,Norwalk,NJ-EDS-C
06855,CT,Norwalk,NJ-EDS-C
06857,CT,Norwalk,NJ-EDS-C
06858,CT,Norwalk,NJ-EDS-C
06860,CT,Norwalk,NJ-EDS-C
06851,CT,Norwalk,NJ-EDS-C
18241,PA,Nuremberg,NJ-EDS-C
07438,NJ,Oak Ridge,NJ-EDS-C
11769,NY,Oakdale,NJ-EDS-C
08226,NJ,Ocean City,NJ-EDS-C
08230,NJ,Ocean View,NJ-EDS-C
07439,NJ,Ogdensburg,NJ-EDS-C
18518,PA,Old Forge,NJ-EDS-C
06870,CT,Old Greenwich,NJ-EDS-C
19547,PA,Oley,NJ-EDS-C
12461,NY,Olivebridge,NJ-EDS-C
18448,PA,Olyphant,NJ-EDS-C
18447,PA,Olyphant,NJ-EDS-C
06477,CT,Orange,NJ-EDS-C
18069,PA,Orefield,NJ-EDS-C
17961,PA,Orwigsburg,NJ-EDS-C
10963,NY,Otisville,NJ-EDS-C
18942,PA,Ottsville,NJ-EDS-C
07863,NJ,Oxford,NJ-EDS-C
06478,CT,Oxford,NJ-EDS-C
19363,PA,Oxford,NJ-EDS-C
18070,PA,Palm,NJ-EDS-C
18071,PA,Palmerton,NJ-EDS-C
19301,PA,Paoli,NJ-EDS-C
17562,PA,Paradise,NJ-EDS-C
19365,PA,Parkesburg,NJ-EDS-C
12768,NY,Parksville,NJ-EDS-C
11772,NY,Patchogue,NJ-EDS-C
12563,NY,Patterson,NJ-EDS-C
18451,PA,Paupack,NJ-EDS-C
12564,NY,Pawling,NJ-EDS-C
18452,PA,Peckville,NJ-EDS-C
08067,NJ,Pedricktown,NJ-EDS-C
10566,NY,Peekskill,NJ-EDS-C
18072,PA,Pen Argyl,NJ-EDS-C
08069,NJ,Penns Grove,NJ-EDS-C
18073,PA,Pennsburg,NJ-EDS-C
08070,NJ,Pennsville,NJ-EDS-C
18944,PA,Perkasie,NJ-EDS-C
18074,PA,Perkiomenville,NJ-EDS-C
08865,NJ,Phillipsburg,NJ-EDS-C
19460,PA,Phoenixville,NJ-EDS-C
07806,NJ,Picatinny Arsenal,NJ-EDS-C
12566,NY,Pine Bush,NJ-EDS-C
10969,NY,Pine Island,NJ-EDS-C
18947,PA,Pipersville,NJ-EDS-C
18640,PA,Pittston,NJ-EDS-C
18641,PA,Pittston,NJ-EDS-C
18643,PA,Pittston,NJ-EDS-C
18453,PA,Pleasant Mount,NJ-EDS-C
12569,NY,Pleasant Valley,NJ-EDS-C
08232,NJ,Pleasantville,NJ-EDS-C
18651,PA,Plymouth,NJ-EDS-C
18347,PA,Pocono Lake,NJ-EDS-C
18350,PA,Pocono Pines,NJ-EDS-C
18346,PA,Pocono Summit,NJ-EDS-C
10970,NY,Pomona,NJ-EDS-C
12770,NY,Pond Eddy,NJ-EDS-C
17965,PA,Port Carbon,NJ-EDS-C
08348,NJ,Port Elizabeth,NJ-EDS-C
12466,NY,Port Ewen,NJ-EDS-C
11777,NY,Port Jefferson,NJ-EDS-C
11776,NY,Port Jefferson Station,NJ-EDS-C
12771,NY,Port Jervis,NJ-EDS-C
07865,NJ,Port Murray,NJ-EDS-C
08349,NJ,Port Norris,NJ-EDS-C
08241,NJ,Port Republic,NJ-EDS-C
19464,PA,Pottstown,NJ-EDS-C
19465,PA,Pottstown,NJ-EDS-C
17901,PA,Pottsville,NJ-EDS-C
12604,NY,Poughkeepsie,NJ-EDS-C
12603,NY,Poughkeepsie,NJ-EDS-C
12601,NY,Poughkeepsie,NJ-EDS-C
12570,NY,Poughquag,NJ-EDS-C
10576,NY,Pound Ridge,NJ-EDS-C
18456,PA,Prompton,NJ-EDS-C
10578,NY,Purdys,NJ-EDS-C
10579,NY,Putnam Valley,NJ-EDS-C
18951,PA,Quakertown,NJ-EDS-C
07869,NJ,Randolph,NJ-EDS-C
19606,PA,Reading,NJ-EDS-C
19604,PA,Reading,NJ-EDS-C
19602,PA,Reading,NJ-EDS-C
19605,PA,Reading,NJ-EDS-C
19601,PA,Reading,NJ-EDS-C
19611,PA,Reading,NJ-EDS-C
19607,PA,Reading,NJ-EDS-C
19610,PA,Reading,NJ-EDS-C
19609,PA,Reading,NJ-EDS-C
19608,PA,Reading,NJ-EDS-C
18076,PA,Red Hill,NJ-EDS-C
06896,CT,Redding,NJ-EDS-C
18352,PA,Reeders,NJ-EDS-C
17569,PA,Reinholds,NJ-EDS-C
08350,NJ,Richland,NJ-EDS-C
17087,PA,Richland,NJ-EDS-C
18955,PA,Richlandtown,NJ-EDS-C
11961,NY,Ridge,NJ-EDS-C
06879,CT,Ridgefield,NJ-EDS-C
06877,CT,Ridgefield,NJ-EDS-C
18077,PA,Riegelsville,NJ-EDS-C
17967,PA,Ringtown,NJ-EDS-C
07456,NJ,Ringwood,NJ-EDS-C
07457,NJ,Riverdale,NJ-EDS-C
11901,NY,Riverhead,NJ-EDS-C
06878,CT,Riverside,NJ-EDS-C
19551,PA,Robesonia,NJ-EDS-C
12775,NY,Rock Hill,NJ-EDS-C
12575,NY,Rock Tavern,NJ-EDS-C
07866,NJ,Rockaway,NJ-EDS-C
11778,NY,Rocky Point,NJ-EDS-C
11779,NY,Ronkonkoma,NJ-EDS-C
17572,PA,Ronks,NJ-EDS-C
17573,PA,Ronks,NJ-EDS-C
12472,NY,Rosendale,NJ-EDS-C
06783,CT,Roxbury,NJ-EDS-C
19468,PA,Royersford,NJ-EDS-C
17970,PA,Saint Clair,NJ-EDS-C
11780,NY,Saint James,NJ-EDS-C
08079,NJ,Salem,NJ-EDS-C
12577,NY,Salisbury Mills,NJ-EDS-C
12578,NY,Salt Point,NJ-EDS-C
06482,CT,Sandy Hook,NJ-EDS-C
18353,PA,Saylorsburg,NJ-EDS-C
11782,NY,Sayville,NJ-EDS-C
18078,PA,Schnecksville,NJ-EDS-C
17972,PA,Schuylkill Haven,NJ-EDS-C
19473,PA,Schwenksville,NJ-EDS-C
18354,PA,Sciota,NJ-EDS-C
18355,PA,Scotrun,NJ-EDS-C
18512,PA,Scranton,NJ-EDS-C
18505,PA,Scranton,NJ-EDS-C
18510,PA,Scranton,NJ-EDS-C
18540,PA,Scranton,NJ-EDS-C
18577,PA,Scranton,NJ-EDS-C
18503,PA,Scranton,NJ-EDS-C
18509,PA,Scranton,NJ-EDS-C
18508,PA,Scranton,NJ-EDS-C
18504,PA,Scranton,NJ-EDS-C
18515,PA,Scranton,NJ-EDS-C
08243,NJ,Sea Isle City,NJ-EDS-C
08751,NJ,Seaside Heights,NJ-EDS-C
08752,NJ,Seaside Park,NJ-EDS-C
11784,NY,Selden,NJ-EDS-C
18960,PA,Sellersville,NJ-EDS-C
06483,CT,Seymour,NJ-EDS-C
18708,PA,Shavertown,NJ-EDS-C
06484,CT,Shelton,NJ-EDS-C
17976,PA,Shenandoah,NJ-EDS-C
06784,CT,Sherman,NJ-EDS-C
08353,NJ,Shiloh,NJ-EDS-C
11967,NY,Shirley,NJ-EDS-C
19555,PA,Shoemakersville,NJ-EDS-C
18458,PA,Shohola,NJ-EDS-C
11786,NY,Shoreham,NJ-EDS-C
10588,NY,Shrub Oak,NJ-EDS-C
10973,NY,Slate Hill,NJ-EDS-C
18080,PA,Slatington,NJ-EDS-C
10974,NY,Sloatsburg,NJ-EDS-C
11787,NY,Smithtown,NJ-EDS-C
10589,NY,Somers,NJ-EDS-C
08244,NJ,Somers Point,NJ-EDS-C
18964,PA,Souderton,NJ-EDS-C
11789,NY,Sound Beach,NJ-EDS-C
12779,NY,South Fallsburg,NJ-EDS-C
06785,CT,South Kent,NJ-EDS-C
10590,NY,South Salem,NJ-EDS-C
18460,PA,South Sterling,NJ-EDS-C
06488,CT,Southbury,NJ-EDS-C
10975,NY,Southfields,NJ-EDS-C
06890,CT,Southport,NJ-EDS-C
12780,NY,Sparrow Bush,NJ-EDS-C
07871,NJ,Sparta,NJ-EDS-C
19475,PA,Spring City,NJ-EDS-C
12580,NY,Staatsburg,NJ-EDS-C
06910,CT,Stamford,NJ-EDS-C
06913,CT,Stamford,NJ-EDS-C
06914,CT,Stamford,NJ-EDS-C
06926,CT,Stamford,NJ-EDS-C
06927,CT,Stamford,NJ-EDS-C
06902,CT,Stamford,NJ-EDS-C
06901,CT,Stamford,NJ-EDS-C
06905,CT,Stamford,NJ-EDS-C
06906,CT,Stamford,NJ-EDS-C
06903,CT,Stamford,NJ-EDS-C
06907,CT,Stamford,NJ-EDS-C
07874,NJ,Stanhope,NJ-EDS-C
18463,PA,Sterling,NJ-EDS-C
17578,PA,Stevens,NJ-EDS-C
08886,NJ,Stewartsville,NJ-EDS-C
07460,NJ,Stockholm,NJ-EDS-C
12484,NY,Stone Ridge,NJ-EDS-C
11790,NY,Stony Brook,NJ-EDS-C
11794,NY,Stony Brook,NJ-EDS-C
10980,NY,Stony Point,NJ-EDS-C
12582,NY,Stormville,NJ-EDS-C
06615,CT,Stratford,NJ-EDS-C
06614,CT,Stratford,NJ-EDS-C
18360,PA,Stroudsburg,NJ-EDS-C
07876,NJ,Succasunna,NJ-EDS-C
18249,PA,Sugarloaf,NJ-EDS-C
18250,PA,Summit Hill,NJ-EDS-C
07461,NJ,Sussex,NJ-EDS-C
12783,NY,Swan Lake,NJ-EDS-C
08085,NJ,Swedesboro,NJ-EDS-C
18370,PA,Swiftwater,NJ-EDS-C
18464,PA,Tafton,NJ-EDS-C
18252,PA,Tamaqua,NJ-EDS-C
18371,PA,Tamiment,NJ-EDS-C
18372,PA,Tannersville,NJ-EDS-C
18517,PA,Taylor,NJ-EDS-C
18969,PA,Telford,NJ-EDS-C
19560,PA,Temple,NJ-EDS-C
17581,PA,Terre Hill,NJ-EDS-C
10985,NY,Thompson Ridge,NJ-EDS-C
19372,PA,Thorndale,NJ-EDS-C
19373,PA,Thornton,NJ-EDS-C
12486,NY,Tillson,NJ-EDS-C
18466,PA,Tobyhanna,NJ-EDS-C
10986,NY,Tomkins Cove,NJ-EDS-C
19562,PA,Topton,NJ-EDS-C
19374,PA,Toughkenamon,NJ-EDS-C
18087,PA,Trexlertown,NJ-EDS-C
06611,CT,Trumbull,NJ-EDS-C
08087,NJ,Tuckerton,NJ-EDS-C
17982,PA,Tuscarora,NJ-EDS-C
10987,NY,Tuxedo Park,NJ-EDS-C
18469,PA,Tyler Hill,NJ-EDS-C
12487,NY,Ulster Park,NJ-EDS-C
18972,PA,Upper Black Eddy,NJ-EDS-C
19493,PA,Valley Forge,NJ-EDS-C
19494,PA,Valley Forge,NJ-EDS-C
19495,PA,Valley Forge,NJ-EDS-C
19496,PA,Valley Forge,NJ-EDS-C
08406,NJ,Ventnor City,NJ-EDS-C
12585,NY,Verbank,NJ-EDS-C
07462,NJ,Vernon,NJ-EDS-C
08088,NJ,Vincentown,NJ-EDS-C
08360,NJ,Vineland,NJ-EDS-C
08361,NJ,Vineland,NJ-EDS-C
10597,NY,Waccabuc,NJ-EDS-C
11792,NY,Wading River,NJ-EDS-C
12586,NY,Walden,NJ-EDS-C
12589,NY,Wallkill,NJ-EDS-C
07881,NJ,Wallpack Center,NJ-EDS-C
18088,PA,Walnutport,NJ-EDS-C
07465,NJ,Wanaque,NJ-EDS-C
12590,NY,Wappingers Falls,NJ-EDS-C
18660,PA,Wapwallopen,NJ-EDS-C
10990,NY,Warwick,NJ-EDS-C
07882,NJ,Washington,NJ-EDS-C
06793,CT,Washington,NJ-EDS-C
06794,CT,Washington Depot,NJ-EDS-C
10992,NY,Washingtonville,NJ-EDS-C
12592,NY,Wassaic,NJ-EDS-C
06708,CT,Waterbury,NJ-EDS-C
08089,NJ,Waterford Works,NJ-EDS-C
18472,PA,Waymart,NJ-EDS-C
19087,PA,Wayne,NJ-EDS-C
18255,PA,Weatherly,NJ-EDS-C
19565,PA,Wernersville,NJ-EDS-C
19380,PA,West Chester,NJ-EDS-C
19383,PA,West Chester,NJ-EDS-C
19382,PA,West Chester,NJ-EDS-C
08092,NJ,West Creek,NJ-EDS-C
19390,PA,West Grove,NJ-EDS-C
06516,CT,West Haven,NJ-EDS-C
07480,NJ,West Milford,NJ-EDS-C
10996,NY,West Point,NJ-EDS-C
11796,NY,West Sayville,NJ-EDS-C
11977,NY,Westhampton,NJ-EDS-C
11978,NY,Westhampton Beach,NJ-EDS-C
06883,CT,Weston,NJ-EDS-C
06888,CT,Westport,NJ-EDS-C
06889,CT,Westport,NJ-EDS-C
06880,CT,Westport,NJ-EDS-C
10998,NY,Westtown,NJ-EDS-C
07885,NJ,Wharton,NJ-EDS-C
18661,PA,White Haven,NJ-EDS-C
12786,NY,White Lake,NJ-EDS-C
12787,NY,White Sulphur Springs,NJ-EDS-C
18052,PA,Whitehall,NJ-EDS-C
18702,PA,Wilkes Barre,NJ-EDS-C
18705,PA,Wilkes Barre,NJ-EDS-C
18706,PA,Wilkes Barre,NJ-EDS-C
18764,PA,Wilkes Barre,NJ-EDS-C
18767,PA,Wilkes Barre,NJ-EDS-C
18766,PA,Wilkes Barre,NJ-EDS-C
18701,PA,Wilkes Barre,NJ-EDS-C
18711,PA,Wilkes Barre,NJ-EDS-C
18769,PA,Wilkes Barre,NJ-EDS-C
18765,PA,Wilkes Barre,NJ-EDS-C
18762,PA,Wilkes Barre,NJ-EDS-C
08094,NJ,Williamstown,NJ-EDS-C
19810,DE,Wilmington,NJ-EDS-C
19809,DE,Wilmington,NJ-EDS-C
19803,DE,Wilmington,NJ-EDS-C
19802,DE,Wilmington,NJ-EDS-C
19884,DE,Wilmington,NJ-EDS-C
19806,DE,Wilmington,NJ-EDS-C
19885,DE,Wilmington,NJ-EDS-C
19886,DE,Wilmington,NJ-EDS-C
19890,DE,Wilmington,NJ-EDS-C
19891,DE,Wilmington,NJ-EDS-C
19892,DE,Wilmington,NJ-EDS-C
19893,DE,Wilmington,NJ-EDS-C
19894,DE,Wilmington,NJ-EDS-C
19895,DE,Wilmington,NJ-EDS-C
19896,DE,Wilmington,NJ-EDS-C
19897,DE,Wilmington,NJ-EDS-C
19898,DE,Wilmington,NJ-EDS-C
19807,DE,Wilmington,NJ-EDS-C
19801,DE,Wilmington,NJ-EDS-C
19805,DE,Wilmington,NJ-EDS-C
19804,DE,Wilmington,NJ-EDS-C
19808,DE,Wilmington,NJ-EDS-C
06897,CT,Wilton,NJ-EDS-C
18091,PA,Wind Gap,NJ-EDS-C
12594,NY,Wingdale,NJ-EDS-C
19735,DE,Winterthur,NJ-EDS-C
19567,PA,Womelsdorf,NJ-EDS-C
08270,NJ,Woodbine,NJ-EDS-C
12788,NY,Woodbourne,NJ-EDS-C
06525,CT,Woodbridge,NJ-EDS-C
06798,CT,Woodbury,NJ-EDS-C
12789,NY,Woodridge,NJ-EDS-C
08098,NJ,Woodstown,NJ-EDS-C
12790,NY,Wurtsboro,NJ-EDS-C
18644,PA,Wyoming,NJ-EDS-C
11980,NY,Yaphank,NJ-EDS-C
19736,DE,Yorklyn,NJ-EDS-C
10598,NY,Yorktown Heights,NJ-EDS-C
12791,NY,Youngsville,NJ-EDS-C
12792,NY,Yulan,NJ-EDS-C
19492,PA,Zieglerville,NJ-EDS-C
18092,PA,Zionsville,NJ-EDS-C
18901,PA,Doylestown,NJ-EDS-C
90001,CA,LOS ANGELES,CA-ONT-A
90002,CA,LOS ANGELES,CA-ONT-A
90003,CA,LOS ANGELES,CA-ONT-A
90004,CA,LOS ANGELES,CA-ONT-A
90005,CA,LOS ANGELES,CA-ONT-A
90006,CA,LOS ANGELES,CA-ONT-A
90007,CA,LOS ANGELES,CA-ONT-A
90008,CA,LOS ANGELES,CA-ONT-A
90010,CA,LOS ANGELES,CA-ONT-A
90011,CA,LOS ANGELES,CA-ONT-A
90012,CA,LOS ANGELES,CA-ONT-A
90013,CA,LOS ANGELES,CA-ONT-A
90014,CA,LOS ANGELES,CA-ONT-A
90015,CA,LOS ANGELES,CA-ONT-A
90016,CA,LOS ANGELES,CA-ONT-A
90017,CA,LOS ANGELES,CA-ONT-A
90018,CA,LOS ANGELES,CA-ONT-A
90019,CA,LOS ANGELES,CA-ONT-A
90020,CA,LOS ANGELES,CA-ONT-A
90021,CA,LOS ANGELES,CA-ONT-A
90022,CA,LOS ANGELES,CA-ONT-A
90023,CA,LOS ANGELES,CA-ONT-A
90024,CA,LOS ANGELES,CA-ONT-A
90025,CA,LOS ANGELES,CA-ONT-A
90026,CA,LOS ANGELES,CA-ONT-A
90027,CA,LOS ANGELES,CA-ONT-A
90028,CA,LOS ANGELES,CA-ONT-A
90029,CA,LOS ANGELES,CA-ONT-A
90031,CA,LOS ANGELES,CA-ONT-A
90032,CA,LOS ANGELES,CA-ONT-A
90033,CA,LOS ANGELES,CA-ONT-A
90034,CA,LOS ANGELES,CA-ONT-A
90035,CA,LOS ANGELES,CA-ONT-A
90036,CA,LOS ANGELES,CA-ONT-A
90037,CA,LOS ANGELES,CA-ONT-A
90038,CA,LOS ANGELES,CA-ONT-A
90039,CA,LOS ANGELES,CA-ONT-A
90040,CA,LOS ANGELES,CA-ONT-A
90041,CA,LOS ANGELES,CA-ONT-A
90042,CA,LOS ANGELES,CA-ONT-A
90043,CA,LOS ANGELES,CA-ONT-A
90044,CA,LOS ANGELES,CA-ONT-A
90045,CA,LOS ANGELES,CA-ONT-A
90046,CA,LOS ANGELES,CA-ONT-A
90047,CA,LOS ANGELES,CA-ONT-A
90048,CA,LOS ANGELES,CA-ONT-A
90049,CA,LOS ANGELES,CA-ONT-A
90056,CA,LOS ANGELES,CA-ONT-A
90057,CA,LOS ANGELES,CA-ONT-A
90058,CA,LOS ANGELES,CA-ONT-A
90059,CA,LOS ANGELES,CA-ONT-A
90061,CA,LOS ANGELES,CA-ONT-A
90062,CA,LOS ANGELES,CA-ONT-A
90063,CA,LOS ANGELES,CA-ONT-A
90064,CA,LOS ANGELES,CA-ONT-A
90065,CA,LOS ANGELES,CA-ONT-A
90066,CA,LOS ANGELES,CA-ONT-A
90067,CA,LOS ANGELES,CA-ONT-A
90068,CA,LOS ANGELES,CA-ONT-A
90069,CA,WEST HOLLYWOOD,CA-ONT-A
90071,CA,LOS ANGELES,CA-ONT-A
90077,CA,LOS ANGELES,CA-ONT-A
90079,CA,LOS ANGELES,CA-ONT-A
90094,CA,PLAYA VISTA,CA-ONT-A
90099,CA,LOS ANGELES,CA-ONT-A
90201,CA,BELL GARDENS,CA-ONT-A
90210,CA,BEVERLY HILLS,CA-ONT-A
90211,CA,BEVERLY HILLS,CA-ONT-A
90212,CA,BEVERLY HILLS,CA-ONT-A
90220,CA,COMPTON,CA-ONT-A
90221,CA,COMPTON,CA-ONT-A
90222,CA,COMPTON,CA-ONT-A
90230,CA,CULVER CITY,CA-ONT-A
90232,CA,CULVER CITY,CA-ONT-A
90240,CA,DOWNEY,CA-ONT-A
90241,CA,DOWNEY,CA-ONT-A
90242,CA,DOWNEY,CA-ONT-A
90245,CA,EL SEGUNDO,CA-ONT-A
90247,CA,GARDENA,CA-ONT-A
90248,CA,GARDENA,CA-ONT-A
90249,CA,GARDENA,CA-ONT-A
90250,CA,HAWTHORNE,CA-ONT-A
90254,CA,HERMOSA BEACH,CA-ONT-A
90255,CA,HUNTINGTON PARK,CA-ONT-A
90260,CA,LAWNDALE,CA-ONT-A
90261,CA,Los Angeles,CA-ONT-A
90262,CA,LYNWOOD,CA-ONT-A
90263,CA,MALIBU,CA-ONT-C
90265,CA,MALIBU,CA-ONT-C
90266,CA,MANHATTAN BEACH,CA-ONT-A
90270,CA,MAYWOOD,CA-ONT-A
90272,CA,PACIFIC PALISADES,CA-ONT-A
90274,CA,PALOS VERDES PENINSULA,CA-ONT-A
90275,CA,RANCHO PALOS VERDES,CA-ONT-A
90277,CA,REDONDO BEACH,CA-ONT-A
90278,CA,REDONDO BEACH,CA-ONT-A
90280,CA,SOUTH GATE,CA-ONT-A
90290,CA,TOPANGA,CA-ONT-C
90291,CA,VENICE,CA-ONT-A
90292,CA,MARINA DEL REY,CA-ONT-A
90293,CA,PLAYA DEL REY,CA-ONT-A
90301,CA,INGLEWOOD,CA-ONT-A
90302,CA,INGLEWOOD,CA-ONT-A
90303,CA,INGLEWOOD,CA-ONT-A
90304,CA,INGLEWOOD,CA-ONT-A
90305,CA,INGLEWOOD,CA-ONT-A
90311,CA,INGLEWOOD,CA-ONT-A
90401,CA,SANTA MONICA,CA-ONT-A
90402,CA,SANTA MONICA,CA-ONT-A
90403,CA,SANTA MONICA,CA-ONT-A
90404,CA,SANTA MONICA,CA-ONT-A
90405,CA,SANTA MONICA,CA-ONT-A
90501,CA,TORRANCE,CA-ONT-A
90502,CA,TORRANCE,CA-ONT-A
90503,CA,TORRANCE,CA-ONT-A
90504,CA,TORRANCE,CA-ONT-A
90505,CA,TORRANCE,CA-ONT-A
90506,CA,TORRANCE,CA-ONT-A
90601,CA,WHITTIER,CA-ONT-A
90602,CA,WHITTIER,CA-ONT-A
90603,CA,WHITTIER,CA-ONT-A
90604,CA,WHITTIER,CA-ONT-A
90605,CA,WHITTIER,CA-ONT-A
90606,CA,WHITTIER,CA-ONT-A
90620,CA,BUENA PARK,CA-ONT-A
90621,CA,BUENA PARK,CA-ONT-A
90623,CA,LA PALMA,CA-ONT-A
90630,CA,CYPRESS,CA-ONT-A
90631,CA,LA HABRA,CA-ONT-A
90638,CA,LA MIRADA,CA-ONT-A
90640,CA,MONTEBELLO,CA-ONT-A
90650,CA,NORWALK,CA-ONT-A
90660,CA,PICO RIVERA,CA-ONT-A
90670,CA,SANTA FE SPRINGS,CA-ONT-A
90680,CA,STANTON,CA-ONT-A
90701,CA,ARTESIA,CA-ONT-A
90703,CA,CERRITOS,CA-ONT-A
90706,CA,BELLFLOWER,CA-ONT-A
90710,CA,HARBOR CITY,CA-ONT-A
90712,CA,LAKEWOOD,CA-ONT-A
90713,CA,LAKEWOOD,CA-ONT-A
90715,CA,LAKEWOOD,CA-ONT-A
90716,CA,HAWAIIAN GARDENS,CA-ONT-A
90717,CA,LOMITA,CA-ONT-A
90720,CA,LOS ALAMITOS,CA-ONT-A
90723,CA,PARAMOUNT,CA-ONT-A
90731,CA,SAN PEDRO,CA-ONT-A
90732,CA,SAN PEDRO,CA-ONT-A
90740,CA,SEAL BEACH,CA-ONT-A
90744,CA,WILMINGTON,CA-ONT-A
90745,CA,CARSON,CA-ONT-A
90746,CA,CARSON,CA-ONT-A
90755,CA,SIGNAL HILL,CA-ONT-A
90802,CA,LONG BEACH,CA-ONT-A
90803,CA,LONG BEACH,CA-ONT-A
90804,CA,LONG BEACH,CA-ONT-A
90805,CA,LONG BEACH,CA-ONT-A
90806,CA,LONG BEACH,CA-ONT-A
90807,CA,LONG BEACH,CA-ONT-A
90808,CA,LONG BEACH,CA-ONT-A
90810,CA,LONG BEACH,CA-ONT-A
90813,CA,LONG BEACH,CA-ONT-A
90814,CA,LONG BEACH,CA-ONT-A
90815,CA,LONG BEACH,CA-ONT-A
90822,CA,LONG BEACH,CA-ONT-A
90831,CA,LONG BEACH,CA-ONT-A
90833,CA,LONG BEACH,CA-ONT-A
91001,CA,ALTADENA,CA-ONT-A
91006,CA,ARCADIA,CA-ONT-A
91007,CA,ARCADIA,CA-ONT-A
91008,CA,DUARTE,CA-ONT-A
91010,CA,DUARTE,CA-ONT-A
91011,CA,LA CANADA FLINTRIDGE,CA-ONT-A
91016,CA,MONROVIA,CA-ONT-A
91020,CA,MONTROSE,CA-ONT-A
91024,CA,SIERRA MADRE,CA-ONT-A
91030,CA,SOUTH PASADENA,CA-ONT-A
91040,CA,SUNLAND,CA-ONT-A
91042,CA,TUJUNGA,CA-ONT-A
91101,CA,PASADENA,CA-ONT-A
91103,CA,PASADENA,CA-ONT-A
91104,CA,PASADENA,CA-ONT-A
91105,CA,PASADENA,CA-ONT-A
91106,CA,PASADENA,CA-ONT-A
91107,CA,PASADENA,CA-ONT-A
91108,CA,SAN MARINO,CA-ONT-A
91201,CA,GLENDALE,CA-ONT-A
91202,CA,GLENDALE,CA-ONT-A
91203,CA,GLENDALE,CA-ONT-A
91204,CA,GLENDALE,CA-ONT-A
91205,CA,GLENDALE,CA-ONT-A
91206,CA,GLENDALE,CA-ONT-A
91207,CA,GLENDALE,CA-ONT-A
91208,CA,GLENDALE,CA-ONT-A
91210,CA,GLENDALE,CA-ONT-A
91214,CA,LA CRESCENTA,CA-ONT-A
91301,CA,AGOURA HILLS,CA-ONT-C
91302,CA,CALABASAS,CA-ONT-C
91303,CA,CANOGA PARK,CA-ONT-A
91304,CA,CANOGA PARK,CA-ONT-C
91306,CA,WINNETKA,CA-ONT-A
91307,CA,WEST HILLS,CA-ONT-C
91311,CA,CHATSWORTH,CA-ONT-C
91316,CA,ENCINO,CA-ONT-A
91320,CA,NEWBURY PARK,CA-ONT-C
91321,CA,NEWHALL,CA-ONT-C
91324,CA,NORTHRIDGE,CA-ONT-A
91325,CA,NORTHRIDGE,CA-ONT-A
91326,CA,PORTER RANCH,CA-ONT-A
91331,CA,PACOIMA,CA-ONT-A
91335,CA,RESEDA,CA-ONT-A
91340,CA,SAN FERNANDO,CA-ONT-A
91342,CA,SYLMAR,CA-ONT-A
91343,CA,NORTH HILLS,CA-ONT-A
91344,CA,GRANADA HILLS,CA-ONT-A
91345,CA,MISSION HILLS,CA-ONT-A
91350,CA,SANTA CLARITA,CA-ONT-C
91351,CA,CANYON COUNTRY,CA-ONT-C
91352,CA,SUN VALLEY,CA-ONT-A
91354,CA,VALENCIA,CA-ONT-C
91355,CA,VALENCIA,CA-ONT-C
91356,CA,TARZANA,CA-ONT-A
91360,CA,THOUSAND OAKS,CA-ONT-C
91361,CA,WESTLAKE VILLAGE,CA-ONT-C
91362,CA,THOUSAND OAKS,CA-ONT-C
91364,CA,WOODLAND HILLS,CA-ONT-A
91367,CA,WOODLAND HILLS,CA-ONT-C
91377,CA,OAK PARK,CA-ONT-C
91381,CA,STEVENSON RANCH,CA-ONT-C
91382,CA,SANTA CLARITA,CA-ONT-C
91383,CA,SANTA CLARITA,CA-ONT-C
91387,CA,CANYON COUNTRY,CA-ONT-C
91390,CA,SANTA CLARITA,CA-ONT-C
91401,CA,VAN NUYS,CA-ONT-A
91402,CA,PANORAMA CITY,CA-ONT-A
91403,CA,SHERMAN OAKS,CA-ONT-A
91405,CA,VAN NUYS,CA-ONT-A
91406,CA,VAN NUYS,CA-ONT-A
91411,CA,VAN NUYS,CA-ONT-A
91423,CA,SHERMAN OAKS,CA-ONT-A
91436,CA,ENCINO,CA-ONT-A
91501,CA,BURBANK,CA-ONT-A
91502,CA,BURBANK,CA-ONT-A
91504,CA,BURBANK,CA-ONT-A
91505,CA,BURBANK,CA-ONT-A
91506,CA,BURBANK,CA-ONT-A
91601,CA,NORTH HOLLYWOOD,CA-ONT-A
91602,CA,NORTH HOLLYWOOD,CA-ONT-A
91604,CA,STUDIO CITY,CA-ONT-A
91605,CA,NORTH HOLLYWOOD,CA-ONT-A
91606,CA,NORTH HOLLYWOOD,CA-ONT-A
91607,CA,VALLEY VILLAGE,CA-ONT-A
91608,CA,UNIVERSAL CITY,CA-ONT-A
91701,CA,RANCHO CUCAMONGA,CA-ONT-A
91702,CA,AZUSA,CA-ONT-A
91706,CA,BALDWIN PARK,CA-ONT-A
91708,CA,CHINO,CA-ONT-A
91709,CA,CHINO HILLS,CA-ONT-A
91710,CA,CHINO,CA-ONT-A
91711,CA,CLAREMONT,CA-ONT-A
91722,CA,COVINA,CA-ONT-A
91723,CA,COVINA,CA-ONT-A
91724,CA,COVINA,CA-ONT-A
91730,CA,RANCHO CUCAMONGA,CA-ONT-A
91731,CA,EL MONTE,CA-ONT-A
91732,CA,EL MONTE,CA-ONT-A
91733,CA,SOUTH EL MONTE,CA-ONT-A
91737,CA,RANCHO CUCAMONGA,CA-ONT-A
91739,CA,RANCHO CUCAMONGA,CA-ONT-A
91740,CA,GLENDORA,CA-ONT-A
91741,CA,GLENDORA,CA-ONT-A
91744,CA,LA PUENTE,CA-ONT-A
91745,CA,HACIENDA HEIGHTS,CA-ONT-A
91746,CA,LA PUENTE,CA-ONT-A
91748,CA,ROWLAND HEIGHTS,CA-ONT-A
91750,CA,LA VERNE,CA-ONT-A
91752,CA,MIRA LOMA,CA-ONT-A
91754,CA,MONTEREY PARK,CA-ONT-A
91755,CA,MONTEREY PARK,CA-ONT-A
91758,CA,ONTARIO,CA-ONT-A
91761,CA,ONTARIO,CA-ONT-A
91762,CA,ONTARIO,CA-ONT-A
91763,CA,MONTCLAIR,CA-ONT-A
91764,CA,ONTARIO,CA-ONT-A
91765,CA,DIAMOND BAR,CA-ONT-A
91766,CA,POMONA,CA-ONT-A
91767,CA,POMONA,CA-ONT-A
91768,CA,POMONA,CA-ONT-A
91770,CA,ROSEMEAD,CA-ONT-A
91773,CA,SAN DIMAS,CA-ONT-A
91775,CA,SAN GABRIEL,CA-ONT-A
91776,CA,SAN GABRIEL,CA-ONT-A
91780,CA,TEMPLE CITY,CA-ONT-A
91784,CA,UPLAND,CA-ONT-A
91786,CA,UPLAND,CA-ONT-A
91789,CA,WALNUT,CA-ONT-A
91790,CA,WEST COVINA,CA-ONT-A
91791,CA,WEST COVINA,CA-ONT-A
91792,CA,WEST COVINA,CA-ONT-A
91801,CA,ALHAMBRA,CA-ONT-A
91803,CA,ALHAMBRA,CA-ONT-A
91804,CA,ALHAMBRA,CA-ONT-A
91942,CA,LA MESA,CA-ONT-B
92003,CA,BONSALL,CA-ONT-B
92007,CA,CARDIFF BY THE SEA,CA-ONT-B
92008,CA,CARLSBAD,CA-ONT-B
92009,CA,CARLSBAD,CA-ONT-B
92010,CA,CARLSBAD,CA-ONT-B
92011,CA,CARLSBAD,CA-ONT-B
92014,CA,DEL MAR,CA-ONT-B
92020,CA,EL CAJON,CA-ONT-B
92024,CA,ENCINITAS,CA-ONT-B
92025,CA,ESCONDIDO,CA-ONT-B
92026,CA,ESCONDIDO,CA-ONT-B
92027,CA,ESCONDIDO,CA-ONT-B
92028,CA,FALLBROOK,CA-ONT-B
92029,CA,ESCONDIDO,CA-ONT-B
92037,CA,LA JOLLA,CA-ONT-B
92054,CA,OCEANSIDE,CA-ONT-B
92055,CA,CAMP PENDLETON,CA-ONT-B
92056,CA,OCEANSIDE,CA-ONT-B
92057,CA,OCEANSIDE,CA-ONT-B
92058,CA,OCEANSIDE,CA-ONT-B
92059,CA,PALA,CA-ONT-B
92064,CA,POWAY,CA-ONT-B
92067,CA,Rancho Santa Fe,CA-ONT-B
92069,CA,SAN MARCOS,CA-ONT-B
92071,CA,SANTEE,CA-ONT-B
92075,CA,SOLANA BEACH,CA-ONT-B
92078,CA,SAN MARCOS,CA-ONT-B
92081,CA,VISTA,CA-ONT-B
92082,CA,Valley Center,CA-ONT-C
92083,CA,VISTA,CA-ONT-B
92084,CA,VISTA,CA-ONT-B
92091,CA,RANCHO SANTA FE,CA-ONT-B
92101,CA,SAN DIEGO,CA-ONT-B
92102,CA,SAN DIEGO,CA-ONT-B
92103,CA,SAN DIEGO,CA-ONT-B
92104,CA,SAN DIEGO,CA-ONT-B
92105,CA,SAN DIEGO,CA-ONT-B
92106,CA,SAN DIEGO,CA-ONT-B
92107,CA,SAN DIEGO,CA-ONT-B
92108,CA,SAN DIEGO,CA-ONT-B
92109,CA,SAN DIEGO,CA-ONT-B
92110,CA,SAN DIEGO,CA-ONT-B
92111,CA,SAN DIEGO,CA-ONT-B
92115,CA,SAN DIEGO,CA-ONT-B
92116,CA,SAN DIEGO,CA-ONT-B
92117,CA,SAN DIEGO,CA-ONT-B
92119,CA,SAN DIEGO,CA-ONT-B
92120,CA,SAN DIEGO,CA-ONT-B
92121,CA,SAN DIEGO,CA-ONT-B
92122,CA,SAN DIEGO,CA-ONT-B
92123,CA,SAN DIEGO,CA-ONT-B
92124,CA,SAN DIEGO,CA-ONT-B
92126,CA,SAN DIEGO,CA-ONT-B
92127,CA,SAN DIEGO,CA-ONT-B
92128,CA,SAN DIEGO,CA-ONT-B
92129,CA,SAN DIEGO,CA-ONT-B
92130,CA,SAN DIEGO,CA-ONT-B
92131,CA,SAN DIEGO,CA-ONT-B
92135,CA,SAN DIEGO,CA-ONT-B
92197,CA,SAN DIEGO,CA-ONT-B
92199,CA,SAN DIEGO,CA-ONT-B
92223,CA,BEAUMONT,CA-ONT-B
92313,CA,GRAND TERRACE,CA-ONT-B
92316,CA,BLOOMINGTON,CA-ONT-A
92320,CA,CALIMESA,CA-ONT-B
92324,CA,COLTON,CA-ONT-B
92335,CA,FONTANA,CA-ONT-A
92336,CA,FONTANA,CA-ONT-A
92337,CA,FONTANA,CA-ONT-A
92344,CA,HESPERIA,CA-ONT-C
92345,CA,HESPERIA,CA-ONT-C
92346,CA,HIGHLAND,CA-ONT-B
92354,CA,LOMA LINDA,CA-ONT-B
92359,CA,MENTONE,CA-ONT-B
92373,CA,REDLANDS,CA-ONT-B
92374,CA,REDLANDS,CA-ONT-B
92376,CA,RIALTO,CA-ONT-A
92377,CA,RIALTO,CA-ONT-A
92392,CA,VICTORVILLE,CA-ONT-C
92394,CA,VICTORVILLE,CA-ONT-C
92395,CA,VICTORVILLE,CA-ONT-C
92399,CA,YUCAIPA,CA-ONT-B
92401,CA,SAN BERNARDINO,CA-ONT-B
92403,CA,SAN BERNARDINO,CA-ONT-A
92404,CA,SAN BERNARDINO,CA-ONT-B
92405,CA,SAN BERNARDINO,CA-ONT-B
92407,CA,SAN BERNARDINO,CA-ONT-C
92408,CA,SAN BERNARDINO,CA-ONT-B
92410,CA,SAN BERNARDINO,CA-ONT-B
92411,CA,SAN BERNARDINO,CA-ONT-A
92501,CA,RIVERSIDE,CA-ONT-A
92503,CA,RIVERSIDE,CA-ONT-A
92504,CA,RIVERSIDE,CA-ONT-A
92505,CA,RIVERSIDE,CA-ONT-A
92506,CA,RIVERSIDE,CA-ONT-A
92507,CA,RIVERSIDE,CA-ONT-A
92508,CA,RIVERSIDE,CA-ONT-A
92509,CA,JURUPA VALLEY,CA-ONT-A
92518,CA,MARCH AIR RESERVE BASE,CA-ONT-B
92530,CA,LAKE ELSINORE,CA-ONT-B
92532,CA,LAKE ELSINORE,CA-ONT-B
92543,CA,HEMET,CA-ONT-B
92545,CA,HEMET,CA-ONT-B
92548,CA,HOMELAND,CA-ONT-B
92551,CA,MORENO VALLEY,CA-ONT-B
92553,CA,MORENO VALLEY,CA-ONT-B
92555,CA,MORENO VALLEY,CA-ONT-B
92557,CA,MORENO VALLEY,CA-ONT-B
92562,CA,MURRIETA,CA-ONT-B
92563,CA,MURRIETA,CA-ONT-B
92567,CA,NUEVO,CA-ONT-B
92570,CA,PERRIS,CA-ONT-B
92571,CA,PERRIS,CA-ONT-B
92582,CA,SAN JACINTO,CA-ONT-B
92583,CA,San Jacinto,CA-ONT-B
92584,CA,MENIFEE,CA-ONT-B
92585,CA,MENIFEE,CA-ONT-B
92586,CA,MENIFEE,CA-ONT-B
92587,CA,MENIFEE,CA-ONT-B
92590,CA,TEMECULA,CA-ONT-B
92591,CA,TEMECULA,CA-ONT-B
92595,CA,WILDOMAR,CA-ONT-B
92596,CA,WINCHESTER,CA-ONT-B
92602,CA,IRVINE,CA-ONT-A
92603,CA,IRVINE,CA-ONT-A
92604,CA,IRVINE,CA-ONT-A
92606,CA,IRVINE,CA-ONT-A
92610,CA,FOOTHILL RANCH,CA-ONT-A
92612,CA,IRVINE,CA-ONT-A
92614,CA,IRVINE,CA-ONT-A
92617,CA,IRVINE,CA-ONT-A
92618,CA,IRVINE,CA-ONT-A
92620,CA,IRVINE,CA-ONT-A
92624,CA,CAPISTRANO BEACH,CA-ONT-A
92625,CA,CORONA DEL MAR,CA-ONT-A
92626,CA,COSTA MESA,CA-ONT-A
92627,CA,COSTA MESA,CA-ONT-A
92629,CA,DANA POINT,CA-ONT-A
92630,CA,LAKE FOREST,CA-ONT-A
92637,CA,LAGUNA WOODS,CA-ONT-A
92646,CA,HUNTINGTON BEACH,CA-ONT-A
92647,CA,HUNTINGTON BEACH,CA-ONT-A
92648,CA,HUNTINGTON BEACH,CA-ONT-A
92649,CA,HUNTINGTON BEACH,CA-ONT-A
92651,CA,LAGUNA BEACH,CA-ONT-A
92653,CA,LAGUNA HILLS,CA-ONT-A
92655,CA,MIDWAY CITY,CA-ONT-A
92656,CA,ALISO VIEJO,CA-ONT-A
92657,CA,NEWPORT COAST,CA-ONT-A
92660,CA,NEWPORT BEACH,CA-ONT-A
92661,CA,NEWPORT BEACH,CA-ONT-A
92662,CA,NEWPORT BEACH,CA-ONT-A
92663,CA,NEWPORT BEACH,CA-ONT-A
92672,CA,SAN CLEMENTE,CA-ONT-B
92673,CA,SAN CLEMENTE,CA-ONT-A
92675,CA,SAN JUAN CAPISTRANO,CA-ONT-A
92676,CA,SILVERADO,CA-ONT-A
92677,CA,LAGUNA NIGUEL,CA-ONT-A
92679,CA,TRABUCO CANYON,CA-ONT-A
92683,CA,WESTMINSTER,CA-ONT-A
92688,CA,RANCHO SANTA MARGARITA,CA-ONT-A
92691,CA,MISSION VIEJO,CA-ONT-A
92692,CA,MISSION VIEJO,CA-ONT-A
92694,CA,LADERA RANCH,CA-ONT-A
92701,CA,SANTA ANA,CA-ONT-A
92703,CA,SANTA ANA,CA-ONT-A
92704,CA,SANTA ANA,CA-ONT-A
92705,CA,SANTA ANA,CA-ONT-A
92706,CA,SANTA ANA,CA-ONT-A
92707,CA,SANTA ANA,CA-ONT-A
92708,CA,FOUNTAIN VALLEY,CA-ONT-A
92780,CA,TUSTIN,CA-ONT-A
92782,CA,TUSTIN,CA-ONT-A
92799,CA,SANTA ANA,CA-ONT-A
92801,CA,ANAHEIM,CA-ONT-A
92802,CA,ANAHEIM,CA-ONT-A
92804,CA,ANAHEIM,CA-ONT-A
92805,CA,ANAHEIM,CA-ONT-A
92806,CA,ANAHEIM,CA-ONT-A
92807,CA,ANAHEIM,CA-ONT-A
92808,CA,ANAHEIM,CA-ONT-A
92809,CA,ANAHEIM,CA-ONT-A
92821,CA,BREA,CA-ONT-A
92823,CA,BREA,CA-ONT-A
92831,CA,FULLERTON,CA-ONT-A
92832,CA,FULLERTON,CA-ONT-A
92833,CA,FULLERTON,CA-ONT-A
92835,CA,FULLERTON,CA-ONT-A
92840,CA,GARDEN GROVE,CA-ONT-A
92841,CA,GARDEN GROVE,CA-ONT-A
92843,CA,GARDEN GROVE,CA-ONT-A
92844,CA,GARDEN GROVE,CA-ONT-A
92845,CA,GARDEN GROVE,CA-ONT-A
92860,CA,NORCO,CA-ONT-A
92861,CA,VILLA PARK,CA-ONT-A
92862,CA,ORANGE,CA-ONT-A
92865,CA,ORANGE,CA-ONT-A
92866,CA,ORANGE,CA-ONT-A
92867,CA,ORANGE,CA-ONT-A
92868,CA,ORANGE,CA-ONT-A
92869,CA,ORANGE,CA-ONT-A
92870,CA,PLACENTIA,CA-ONT-A
92879,CA,CORONA,CA-ONT-A
92880,CA,EASTVALE,CA-ONT-A
92881,CA,CORONA,CA-ONT-A
92882,CA,CORONA,CA-ONT-A
92883,CA,CORONA,CA-ONT-A
92886,CA,YORBA LINDA,CA-ONT-A
92887,CA,YORBA LINDA,CA-ONT-A
92899,CA,ANAHEIM,CA-ONT-A
93001,CA,Ventura,CA-ONT-C
93003,CA,VENTURA,CA-ONT-C
93004,CA,VENTURA,CA-ONT-C
93010,CA,CAMARILLO,CA-ONT-C
93012,CA,CAMARILLO,CA-ONT-C
93021,CA,MOORPARK,CA-ONT-C
93030,CA,OXNARD,CA-ONT-C
93033,CA,OXNARD,CA-ONT-C
93035,CA,OXNARD,CA-ONT-C
93036,CA,OXNARD,CA-ONT-C
93041,CA,PORT HUENEME,CA-ONT-C
93063,CA,SIMI VALLEY,CA-ONT-C
93065,CA,SIMI VALLEY,CA-ONT-C
93066,CA,SOMIS,CA-ONT-C
93510,CA,ACTON,CA-ONT-C
93534,CA,LANCASTER,CA-ONT-C
93550,CA,PALMDALE,CA-ONT-C
93551,CA,PALMDALE,CA-ONT-C
93552,CA,PALMDALE,CA-ONT-C
75001,TX,Addison,TX-DLS-A
75002,TX,Allen,TX-DLS-A
75006,TX,Carrollton,TX-DLS-A
75007,TX,Carrollton,TX-DLS-A
75009,TX,Celina,TX-DLS-A
75010,TX,Carrollton,TX-DLS-A
75011,TX,Carrollton,TX-DLS-A
75013,TX,Allen,TX-DLS-A
75014,TX,Irving,TX-DLS-A
75015,TX,Irving,TX-DLS-A
75016,TX,Irving,TX-DLS-A
75017,TX,Irving,TX-DLS-A
75019,TX,Coppell,TX-DLS-A
75022,TX,Flower Mound,TX-DLS-A
75023,TX,Plano,TX-DLS-A
75024,TX,Plano,TX-DLS-A
75025,TX,Plano,TX-DLS-A
75026,TX,Plano,TX-DLS-A
75027,TX,Flower Mound,TX-DLS-A
75028,TX,Flower Mound,TX-DLS-A
75029,TX,Lewisville,TX-DLS-A
75030,TX,Rowlett,TX-DLS-A
75032,TX,Rockwall,TX-DLS-A
75033,TX,Frisco,TX-DLS-A
75034,TX,Frisco,TX-DLS-A
75035,TX,Frisco,TX-DLS-A
75036,TX,Frisco,TX-DLS-A
75038,TX,Irving,TX-DLS-A
75039,TX,Irving,TX-DLS-A
75040,TX,Garland,TX-DLS-A
75041,TX,Garland,TX-DLS-A
75042,TX,Garland,TX-DLS-A
75043,TX,Garland,TX-DLS-A
75044,TX,Garland,TX-DLS-A
75045,TX,Garland,TX-DLS-A
75046,TX,Garland,TX-DLS-A
75047,TX,Garland,TX-DLS-A
75048,TX,Sachse,TX-DLS-A
75049,TX,Garland,TX-DLS-A
75050,TX,Grand Prairie,TX-DLS-A
75051,TX,Grand Prairie,TX-DLS-A
75052,TX,Grand Prairie,TX-DLS-A
75053,TX,Grand Prairie,TX-DLS-A
75054,TX,Grand Prairie,TX-DLS-A
75056,TX,The Colony,TX-DLS-A
75057,TX,Lewisville,TX-DLS-A
75059,TX,Irving,TX-DLS-A
75060,TX,Irving,TX-DLS-A
75061,TX,Irving,TX-DLS-A
75062,TX,Irving,TX-DLS-A
75063,TX,Irving,TX-DLS-A
75065,TX,Lake Dallas,TX-DLS-A
75067,TX,Lewisville,TX-DLS-A
75068,TX,Little Elm,TX-DLS-A
75069,TX,Mc Kinney,TX-DLS-A
75070,TX,Mc Kinney,TX-DLS-A
75071,TX,Mc Kinney,TX-DLS-A
75072,TX,McKinney,TX-DLS-A
75074,TX,Plano,TX-DLS-A
75075,TX,Plano,TX-DLS-A
75077,TX,Lewisville,TX-DLS-A
75078,TX,Prosper,TX-DLS-A
75080,TX,Richardson,TX-DLS-A
75081,TX,Richardson,TX-DLS-A
75082,TX,Richardson,TX-DLS-A
75083,TX,Richardson,TX-DLS-A
75085,TX,Richardson,TX-DLS-A
75086,TX,Plano,TX-DLS-A
75087,TX,Rockwall,TX-DLS-A
75088,TX,Rowlett,TX-DLS-A
75089,TX,Rowlett,TX-DLS-A
75093,TX,Plano,TX-DLS-A
75094,TX,Plano,TX-DLS-A
75098,TX,Wylie,TX-DLS-A
75099,TX,Coppell,TX-DLS-A
75104,TX,Cedar Hill,TX-DLS-A
75106,TX,Cedar Hill,TX-DLS-A
75114,TX,Crandall,TX-DLS-A
75115,TX,Desoto,TX-DLS-A
75116,TX,Duncanville,TX-DLS-A
75119,TX,Ennis,TX-DLS-A
75123,TX,Desoto,TX-DLS-A
75125,TX,Ferris,TX-DLS-A
75126,TX,Forney,TX-DLS-A
75132,TX,Fate,TX-DLS-A
75134,TX,Lancaster,TX-DLS-A
75135,TX,Caddo Mills,TX-DLS-A
75137,TX,Duncanville,TX-DLS-A
75138,TX,Duncanville,TX-DLS-A
75141,TX,Hutchins,TX-DLS-A
75142,TX,Kaufman,TX-DLS-A
75143,TX,Kemp,TX-DLS-A
75146,TX,Lancaster,TX-DLS-A
75149,TX,Mesquite,TX-DLS-A
75150,TX,Mesquite,TX-DLS-A
75152,TX,Palmer,TX-DLS-A
75154,TX,Red Oak,TX-DLS-A
75157,TX,Rosser,TX-DLS-A
75158,TX,Scurry,TX-DLS-A
75159,TX,Seagoville,TX-DLS-A
75160,TX,Terrell,TX-DLS-A
75161,TX,Terrell,TX-DLS-A
75164,TX,Josephine,TX-DLS-A
75165,TX,Waxahachie,TX-DLS-A
75166,TX,Lavon,TX-DLS-A
75167,TX,Waxahachie,TX-DLS-A
75172,TX,Wilmer,TX-DLS-A
75173,TX,Nevada,TX-DLS-A
75180,TX,Mesquite,TX-DLS-A
75181,TX,Mesquite,TX-DLS-A
75182,TX,Sunnyvale,TX-DLS-A
75185,TX,Mesquite,TX-DLS-A
75187,TX,Mesquite,TX-DLS-A
75189,TX,Royse City,TX-DLS-A
75201,TX,Dallas,TX-DLS-A
75202,TX,Dallas,TX-DLS-A
75203,TX,Dallas,TX-DLS-A
75204,TX,Dallas,TX-DLS-A
75205,TX,Dallas,TX-DLS-A
75206,TX,Dallas,TX-DLS-A
75207,TX,Dallas,TX-DLS-A
75208,TX,Dallas,TX-DLS-A
75209,TX,Dallas,TX-DLS-A
75210,TX,Dallas,TX-DLS-A
75211,TX,Dallas,TX-DLS-A
75212,TX,Dallas,TX-DLS-A
75214,TX,Dallas,TX-DLS-A
75215,TX,Dallas,TX-DLS-A
75216,TX,Dallas,TX-DLS-A
75217,TX,Dallas,TX-DLS-A
75218,TX,Dallas,TX-DLS-A
75219,TX,Dallas,TX-DLS-A
75220,TX,Dallas,TX-DLS-A
75221,TX,Dallas,TX-DLS-A
75222,TX,Dallas,TX-DLS-A
75223,TX,Dallas,TX-DLS-A
75224,TX,Dallas,TX-DLS-A
75225,TX,Dallas,TX-DLS-A
75226,TX,Dallas,TX-DLS-A
75227,TX,Dallas,TX-DLS-A
75228,TX,Dallas,TX-DLS-A
75229,TX,Dallas,TX-DLS-A
75230,TX,Dallas,TX-DLS-A
75231,TX,Dallas,TX-DLS-A
75232,TX,Dallas,TX-DLS-A
75233,TX,Dallas,TX-DLS-A
75234,TX,Dallas,TX-DLS-A
75235,TX,Dallas,TX-DLS-A
75236,TX,Dallas,TX-DLS-A
75237,TX,Dallas,TX-DLS-A
75238,TX,Dallas,TX-DLS-A
75239,TX,Dallas,TX-DLS-A
75240,TX,Dallas,TX-DLS-A
75241,TX,Dallas,TX-DLS-A
75242,TX,Dallas,TX-DLS-A
75243,TX,Dallas,TX-DLS-A
75244,TX,Dallas,TX-DLS-A
75245,TX,Dallas,TX-DLS-A
75246,TX,Dallas,TX-DLS-A
75247,TX,Dallas,TX-DLS-A
75248,TX,Dallas,TX-DLS-A
75249,TX,Dallas,TX-DLS-A
75250,TX,Dallas,TX-DLS-A
75251,TX,Dallas,TX-DLS-A
75252,TX,Dallas,TX-DLS-A
75253,TX,Dallas,TX-DLS-A
75254,TX,Dallas,TX-DLS-A
75260,TX,Dallas,TX-DLS-A
75261,TX,Dallas,TX-DLS-A
75262,TX,Dallas,TX-DLS-A
75263,TX,Dallas,TX-DLS-A
75264,TX,Dallas,TX-DLS-A
75265,TX,Dallas,TX-DLS-A
75266,TX,Dallas,TX-DLS-A
75267,TX,Dallas,TX-DLS-A
75270,TX,Dallas,TX-DLS-A
75275,TX,Dallas,TX-DLS-A
75277,TX,Dallas,TX-DLS-A
75283,TX,Dallas,TX-DLS-A
75284,TX,Dallas,TX-DLS-A
75285,TX,Dallas,TX-DLS-A
75286,TX,Dallas,TX-DLS-A
75287,TX,Dallas,TX-DLS-A
75301,TX,Dallas,TX-DLS-A
75303,TX,Dallas,TX-DLS-A
75312,TX,Dallas,TX-DLS-A
75313,TX,Dallas,TX-DLS-A
75315,TX,Dallas,TX-DLS-A
75320,TX,Dallas,TX-DLS-A
75326,TX,Dallas,TX-DLS-A
75336,TX,Dallas,TX-DLS-A
75339,TX,Dallas,TX-DLS-A
75342,TX,Dallas,TX-DLS-A
75354,TX,Dallas,TX-DLS-A
75355,TX,Dallas,TX-DLS-A
75356,TX,Dallas,TX-DLS-A
75357,TX,Dallas,TX-DLS-A
75358,TX,Dallas,TX-DLS-A
75359,TX,Dallas,TX-DLS-A
75360,TX,Dallas,TX-DLS-A
75367,TX,Dallas,TX-DLS-A
75370,TX,Dallas,TX-DLS-A
75371,TX,Dallas,TX-DLS-A
75372,TX,Dallas,TX-DLS-A
75373,TX,Dallas,TX-DLS-A
75374,TX,Dallas,TX-DLS-A
75376,TX,Dallas,TX-DLS-A
75378,TX,Dallas,TX-DLS-A
75379,TX,Dallas,TX-DLS-A
75380,TX,Dallas,TX-DLS-A
75381,TX,Dallas,TX-DLS-A
75382,TX,Dallas,TX-DLS-A
75389,TX,Dallas,TX-DLS-A
75390,TX,Dallas,TX-DLS-A
75391,TX,Dallas,TX-DLS-A
75392,TX,Dallas,TX-DLS-A
75393,TX,Dallas,TX-DLS-A
75394,TX,Dallas,TX-DLS-A
75395,TX,Dallas,TX-DLS-A
75397,TX,Dallas,TX-DLS-A
75398,TX,Dallas,TX-DLS-A
75407,TX,Princeton,TX-DLS-A
75424,TX,Blue Ridge,TX-DLS-A
75442,TX,Farmersville,TX-DLS-A
75454,TX,Melissa,TX-DLS-A
75474,TX,Quinlan,TX-DLS-A
76001,TX,Arlington,TX-DLS-A
76002,TX,Arlington,TX-DLS-A
76003,TX,Arlington,TX-DLS-A
76004,TX,Arlington,TX-DLS-A
76005,TX,Arlington,TX-DLS-A
76006,TX,Arlington,TX-DLS-A
76007,TX,Arlington,TX-DLS-A
76008,TX,Aledo,TX-DLS-A
76009,TX,Alvarado,TX-DLS-A
76010,TX,Arlington,TX-DLS-A
76011,TX,Arlington,TX-DLS-A
76012,TX,Arlington,TX-DLS-A
76013,TX,Arlington,TX-DLS-A
76014,TX,Arlington,TX-DLS-A
76015,TX,Arlington,TX-DLS-A
76016,TX,Arlington,TX-DLS-A
76017,TX,Arlington,TX-DLS-A
76018,TX,Arlington,TX-DLS-A
76020,TX,Azle,TX-DLS-A
76021,TX,Bedford,TX-DLS-A
76022,TX,Bedford,TX-DLS-A
76023,TX,Boyd,TX-DLS-A
76028,TX,Burleson,TX-DLS-A
76031,TX,Cleburne,TX-DLS-A
76033,TX,Cleburne,TX-DLS-A
76034,TX,Colleyville,TX-DLS-A
76035,TX,Cresson,TX-DLS-A
76036,TX,Crowley,TX-DLS-A
76039,TX,Euless,TX-DLS-A
76040,TX,Euless,TX-DLS-A
76044,TX,Godley,TX-DLS-A
76050,TX,Grandview,TX-DLS-A
76051,TX,Grapevine,TX-DLS-A
76052,TX,Haslet,TX-DLS-A
76053,TX,Hurst,TX-DLS-A
76054,TX,Hurst,TX-DLS-A
76058,TX,Joshua,TX-DLS-A
76059,TX,Keene,TX-DLS-A
76060,TX,Kennedale,TX-DLS-A
76061,TX,Lillian,TX-DLS-A
76063,TX,Mansfield,TX-DLS-A
76064,TX,Maypearl,TX-DLS-A
76065,TX,Midlothian,TX-DLS-A
76071,TX,Newark,TX-DLS-A
76073,TX,Paradise,TX-DLS-A
76078,TX,Rhome,TX-DLS-A
76082,TX,Springtown,TX-DLS-A
76084,TX,Venus,TX-DLS-A
76085,TX,Weatherford,TX-DLS-A
76086,TX,Weatherford,TX-DLS-A
76087,TX,Weatherford,TX-DLS-A
76092,TX,Southlake,TX-DLS-A
76094,TX,Arlington,TX-DLS-A
76096,TX,Arlington,TX-DLS-A
76097,TX,Burleson,TX-DLS-A
76101,TX,Fort Worth,TX-DLS-A
76102,TX,Fort Worth,TX-DLS-A
76103,TX,Fort Worth,TX-DLS-A
76104,TX,Fort Worth,TX-DLS-A
76105,TX,Fort Worth,TX-DLS-A
76106,TX,Fort Worth,TX-DLS-A
76107,TX,Fort Worth,TX-DLS-A
76108,TX,Fort Worth,TX-DLS-A
76109,TX,Fort Worth,TX-DLS-A
76110,TX,Fort Worth,TX-DLS-A
76111,TX,Fort Worth,TX-DLS-A
76112,TX,Fort Worth,TX-DLS-A
76114,TX,Fort Worth,TX-DLS-A
76115,TX,Fort Worth,TX-DLS-A
76116,TX,Fort Worth,TX-DLS-A
76117,TX,Haltom City,TX-DLS-A
76118,TX,Fort Worth,TX-DLS-A
76119,TX,Fort Worth,TX-DLS-A
76120,TX,Fort Worth,TX-DLS-A
76121,TX,Fort Worth,TX-DLS-A
76122,TX,Fort Worth,TX-DLS-A
76123,TX,Fort Worth,TX-DLS-A
76124,TX,Fort Worth,TX-DLS-A
76126,TX,Fort Worth,TX-DLS-A
76127,TX,Naval Air Station/ Jrb,TX-DLS-A
76129,TX,Fort Worth,TX-DLS-A
76130,TX,Fort Worth,TX-DLS-A
76131,TX,Fort Worth,TX-DLS-A
76132,TX,Fort Worth,TX-DLS-A
76133,TX,Fort Worth,TX-DLS-A
76134,TX,Fort Worth,TX-DLS-A
76135,TX,Fort Worth,TX-DLS-A
76136,TX,Fort Worth,TX-DLS-A
76137,TX,Fort Worth,TX-DLS-A
76140,TX,Fort Worth,TX-DLS-A
76147,TX,Fort Worth,TX-DLS-A
76148,TX,Fort Worth,TX-DLS-A
76150,TX,Fort Worth,TX-DLS-A
76155,TX,Fort Worth,TX-DLS-A
76161,TX,Fort Worth,TX-DLS-A
76162,TX,Fort Worth,TX-DLS-A
76163,TX,Fort Worth,TX-DLS-A
76164,TX,Fort Worth,TX-DLS-A
76166,TX,Fort Worth,TX-DLS-A
76177,TX,Fort Worth,TX-DLS-A
76178,TX,Fort Worth,TX-DLS-A
76179,TX,Fort Worth,TX-DLS-A
76180,TX,North Richland Hills,TX-DLS-A
76181,TX,Fort Worth,TX-DLS-A
76182,TX,North Richland Hills,TX-DLS-A
76185,TX,Fort Worth,TX-DLS-A
76191,TX,Fort Worth,TX-DLS-A
76192,TX,Fort Worth,TX-DLS-A
76193,TX,Fort Worth,TX-DLS-A
76195,TX,Fort Worth,TX-DLS-A
76196,TX,Fort Worth,TX-DLS-A
76197,TX,Fort Worth,TX-DLS-A
76198,TX,Fort Worth,TX-DLS-A
76199,TX,Fort Worth,TX-DLS-A
76201,TX,Denton,TX-DLS-A
76202,TX,Denton,TX-DLS-A
76203,TX,Denton,TX-DLS-A
76204,TX,Denton,TX-DLS-A
76205,TX,Denton,TX-DLS-A
76206,TX,Denton,TX-DLS-A
76207,TX,Denton,TX-DLS-A
76208,TX,Denton,TX-DLS-A
76209,TX,Denton,TX-DLS-A
76210,TX,Denton,TX-DLS-A
76226,TX,Argyle,TX-DLS-A
76227,TX,Aubrey,TX-DLS-A
76234,TX,Decatur,TX-DLS-A
76244,TX,Keller,TX-DLS-A
76247,TX,Justin,TX-DLS-A
76248,TX,Keller,TX-DLS-A
76249,TX,Krum,TX-DLS-A
76259,TX,Ponder,TX-DLS-A
76262,TX,Roanoke,TX-DLS-A
77002,TX,Houston,TX-HOU-B
77003,TX,Houston,TX-HOU-B
77004,TX,Houston,TX-HOU-B
77005,TX,Houston,TX-HOU-B
77006,TX,Houston,TX-HOU-B
77007,TX,Houston,TX-HOU-B
77008,TX,Houston,TX-HOU-B
77009,TX,Houston,TX-HOU-B
77010,TX,Houston,TX-HOU-B
77011,TX,Houston,TX-HOU-B
77012,TX,Houston,TX-HOU-B
77013,TX,Houston,TX-HOU-B
77014,TX,Houston,TX-HOU-B
77015,TX,Houston,TX-HOU-B
77016,TX,Houston,TX-HOU-B
77017,TX,Houston,TX-HOU-B
77018,TX,Houston,TX-HOU-B
77019,TX,Houston,TX-HOU-B
77020,TX,Houston,TX-HOU-B
77021,TX,Houston,TX-HOU-B
77022,TX,Houston,TX-HOU-B
77023,TX,Houston,TX-HOU-B
77024,TX,Houston,TX-HOU-B
77025,TX,Houston,TX-HOU-B
77026,TX,Houston,TX-HOU-B
77027,TX,Houston,TX-HOU-B
77028,TX,Houston,TX-HOU-B
77029,TX,Houston,TX-HOU-B
77030,TX,Houston,TX-HOU-B
77031,TX,Houston,TX-HOU-B
77032,TX,Houston,TX-HOU-B
77033,TX,Houston,TX-HOU-B
77034,TX,Houston,TX-HOU-B
77035,TX,Houston,TX-HOU-B
77036,TX,Houston,TX-HOU-B
77037,TX,Houston,TX-HOU-B
77038,TX,Houston,TX-HOU-B
77039,TX,Houston,TX-HOU-B
77040,TX,Houston,TX-HOU-B
77041,TX,Houston,TX-HOU-B
77042,TX,Houston,TX-HOU-B
77043,TX,Houston,TX-HOU-B
77044,TX,Houston,TX-HOU-B
77045,TX,Houston,TX-HOU-B
77046,TX,Houston,TX-HOU-B
77047,TX,Houston,TX-HOU-B
77048,TX,Houston,TX-HOU-B
77049,TX,Houston,TX-HOU-B
77050,TX,Houston,TX-HOU-B
77051,TX,Houston,TX-HOU-B
77053,TX,Houston,TX-HOU-B
77054,TX,Houston,TX-HOU-B
77055,TX,Houston,TX-HOU-B
77056,TX,Houston,TX-HOU-B
77057,TX,Houston,TX-HOU-B
77058,TX,Houston,TX-HOU-B
77059,TX,Houston,TX-HOU-B
77060,TX,Houston,TX-HOU-B
77061,TX,Houston,TX-HOU-B
77062,TX,Houston,TX-HOU-B
77063,TX,Houston,TX-HOU-B
77064,TX,Houston,TX-HOU-B
77065,TX,Houston,TX-HOU-B
77066,TX,Houston,TX-HOU-B
77067,TX,Houston,TX-HOU-B
77068,TX,Houston,TX-HOU-B
77069,TX,Houston,TX-HOU-B
77070,TX,Houston,TX-HOU-B
77071,TX,Houston,TX-HOU-B
77072,TX,Houston,TX-HOU-B
77073,TX,Houston,TX-HOU-B
77074,TX,Houston,TX-HOU-B
77075,TX,Houston,TX-HOU-B
77076,TX,Houston,TX-HOU-B
77077,TX,Houston,TX-HOU-B
77078,TX,Houston,TX-HOU-B
77079,TX,Houston,TX-HOU-B
77080,TX,Houston,TX-HOU-B
77081,TX,Houston,TX-HOU-B
77082,TX,Houston,TX-HOU-B
77083,TX,Houston,TX-HOU-B
77084,TX,Houston,TX-HOU-B
77085,TX,Houston,TX-HOU-B
77086,TX,Houston,TX-HOU-B
77087,TX,Houston,TX-HOU-B
77088,TX,Houston,TX-HOU-B
77089,TX,Houston,TX-HOU-B
77090,TX,Houston,TX-HOU-B
77091,TX,Houston,TX-HOU-B
77092,TX,Houston,TX-HOU-B
77093,TX,Houston,TX-HOU-B
77094,TX,Houston,TX-HOU-B
77095,TX,Houston,TX-HOU-B
77096,TX,Houston,TX-HOU-B
77098,TX,Houston,TX-HOU-B
77099,TX,Houston,TX-HOU-B
77201,TX,Houston,TX-HOU-B
77301,TX,Conroe,TX-HOU-B
77302,TX,Conroe,TX-HOU-B
77306,TX,Conroe,TX-HOU-B
77316,TX,Montgomery,TX-HOU-B
77336,TX,Huffman,TX-HOU-B
77338,TX,Humble,TX-HOU-B
77339,TX,Humble,TX-HOU-B
77345,TX,Humble,TX-HOU-B
77346,TX,Humble,TX-HOU-B
77354,TX,Magnolia,TX-HOU-B
77355,TX,Magnolia,TX-HOU-B
77357,TX,New Caney,TX-HOU-B
77362,TX,Pinehurst,TX-HOU-B
77365,TX,Porter,TX-HOU-B
77372,TX,Splendora,TX-HOU-B
77373,TX,Spring,TX-HOU-B
77375,TX,Tomball,TX-HOU-B
77377,TX,Tomball,TX-HOU-B
77379,TX,Spring,TX-HOU-B
77380,TX,Spring,TX-HOU-B
77381,TX,Spring,TX-HOU-B
77382,TX,Spring,TX-HOU-B
77384,TX,Conroe,TX-HOU-B
77385,TX,Conroe,TX-HOU-B
77386,TX,Spring,TX-HOU-B
77388,TX,Spring,TX-HOU-B
77389,TX,Spring,TX-HOU-B
77396,TX,Humble,TX-HOU-B
77401,TX,Bellaire,TX-HOU-B
77406,TX,Richmond,TX-HOU-B
77407,TX,Richmond,TX-HOU-B
77415,TX,Cedar Lane,TX-HOU-B
77417,TX,Beasley,TX-HOU-B
77420,TX,Boling,TX-HOU-B
77422,TX,Brazoria,TX-HOU-B
77423,TX,Brookshire,TX-HOU-B
77429,TX,Cypress,TX-HOU-B
77430,TX,Damon,TX-HOU-B
77433,TX,Cypress,TX-HOU-B
77434,TX,Eagle Lake,TX-HOU-B
77435,TX,East Bernard,TX-HOU-B
77436,TX,Egypt,TX-HOU-B
77441,TX,Fulshear,TX-HOU-B
77443,TX,Glen Flora,TX-HOU-B
77444,TX,Guy,TX-HOU-B
77445,TX,Hempstead,TX-HOU-B
77446,TX,Prairie View,TX-HOU-B
77447,TX,Hockley,TX-HOU-B
77448,TX,Hungerford,TX-HOU-B
77449,TX,Katy,TX-HOU-B
77450,TX,Katy,TX-HOU-B
77451,TX,Kendleton,TX-HOU-B
77453,TX,Lane City,TX-HOU-B
77454,TX,Lissie,TX-HOU-B
77459,TX,Missouri City,TX-HOU-B
77461,TX,Needville,TX-HOU-B
77464,TX,Orchard,TX-HOU-B
77466,TX,Pattison,TX-HOU-B
77467,TX,Pierce,TX-HOU-B
77468,TX,Pledger,TX-HOU-B
77469,TX,Richmond,TX-HOU-B
77471,TX,Rosenberg,TX-HOU-B
77473,TX,San Felipe,TX-HOU-B
77474,TX,Sealy,TX-HOU-B
77476,TX,Simonton,TX-HOU-B
77477,TX,Stafford,TX-HOU-B
77478,TX,Sugar Land,TX-HOU-B
77479,TX,Sugar Land,TX-HOU-B
77480,TX,Sweeny,TX-HOU-B
77481,TX,Thompsons,TX-HOU-B
77482,TX,Van Vleck,TX-HOU-B
77484,TX,Waller,TX-HOU-B
77485,TX,Wallis,TX-HOU-B
77486,TX,West Columbia,TX-HOU-B
77488,TX,Wharton,TX-HOU-B
77489,TX,Missouri City,TX-HOU-B
77493,TX,Katy,TX-HOU-B
77494,TX,Katy,TX-HOU-B
77498,TX,Sugar Land,TX-HOU-B
77502,TX,Pasadena,TX-HOU-B
77503,TX,Pasadena,TX-HOU-B
77504,TX,Pasadena,TX-HOU-B
77505,TX,Pasadena,TX-HOU-B
77506,TX,Pasadena,TX-HOU-B
77507,TX,Pasadena,TX-HOU-B
77510,TX,Santa Fe,TX-HOU-B
77511,TX,Alvin,TX-HOU-B
77515,TX,Angleton,TX-HOU-B
77517,TX,Santa Fe,TX-HOU-B
77518,TX,Bacliff,TX-HOU-B
77520,TX,Baytown,TX-HOU-B
77521,TX,Baytown,TX-HOU-B
77523,TX,Baytown,TX-HOU-B
77530,TX,Channelview,TX-HOU-B
77531,TX,Clute,TX-HOU-B
77532,TX,Crosby,TX-HOU-B
77534,TX,Danbury,TX-HOU-B
77535,TX,Dayton,TX-HOU-B
77536,TX,Deer Park,TX-HOU-B
77539,TX,Dickinson,TX-HOU-B
77541,TX,Freeport,TX-HOU-B
77545,TX,Fresno,TX-HOU-B
77546,TX,Friendswood,TX-HOU-B
77547,TX,Galena Park,TX-HOU-B
77550,TX,Galveston,TX-HOU-B
77551,TX,Galveston,TX-HOU-B
77554,TX,Galveston,TX-HOU-B
77562,TX,Highlands,TX-HOU-B
77563,TX,Hitchcock,TX-HOU-B
77565,TX,Kemah,TX-HOU-B
77566,TX,Lake Jackson,TX-HOU-B
77568,TX,La Marque,TX-HOU-B
77571,TX,La Porte,TX-HOU-B
77573,TX,League City,TX-HOU-B
77577,TX,Liverpool,TX-HOU-B
77578,TX,Manvel,TX-HOU-B
77580,TX,Mont Belvieu,TX-HOU-B
77581,TX,Pearland,TX-HOU-B
77583,TX,Rosharon,TX-HOU-B
77584,TX,Pearland,TX-HOU-B
77586,TX,Seabrook,TX-HOU-B
77587,TX,South Houston,TX-HOU-B
77590,TX,Texas City,TX-HOU-B
77591,TX,Texas City,TX-HOU-B
77598,TX,Webster,TX-HOU-B